x,y,z,facecolor,i,j,k
-39.49,160.32,4.02,#A9D0E4,0,1,2
-41.75,160.31,4.78,#AED3E6,0,3,1
-41.33,160.31,5.97,#B4D6E7,0,4,3
-41.78,160.31,3.64,#B8D8E9,0,5,4
-41.55,160.31,2.63,#BBD9EA,0,6,5
-41.22,160.32,1.82,#BDDAEA,0,7,6
-40.91,160.32,1.27,#BDDBEA,0,8,7
-40.78,160.32,1.08,#BDDBEA,0,9,8
-40.35,160.32,1.08,#BDDBEA,0,10,9
-39.92,160.32,1.08,#BDDBEA,0,11,10
-39.49,160.32,1.08,#BDDBEA,0,12,11
-39.07,160.32,1.08,#BDDBEA,0,13,12
-38.64,160.32,1.08,#BDDAEA,0,14,13
-38.21,160.32,1.08,#BBD9EA,0,15,14
-38.08,160.32,1.27,#B8D8E9,0,16,15
-37.77,160.32,1.82,#B4D6E7,0,17,16
-37.44,160.31,2.63,#AED3E6,0,18,17
-37.21,160.31,3.64,#A9D0E4,0,19,18
-37.24,160.31,4.78,#A5CEE3,0,20,19
-37.66,160.31,5.97,#A3CDE3,0,21,20
-38.12,160.31,6.48,#A2CDE2,0,22,21
-38.77,160.31,6.80,#A2CDE2,0,23,22
-39.49,160.31,6.90,#A3CDE3,0,24,23
-40.22,160.31,6.80,#A5CEE3,0,2,24
-40.87,160.31,6.48,#B0D4E6,25,26,27
-45.01,89.26,6.42,#ABD1E5,25,27,28
-46.28,89.27,3.96,#C5DFED,26,29,30
-52.14,85.41,1.47,#C6DFED,26,30,27
-49.78,85.41,6.04,#D6E7F1,29,31,32
-46.36,89.28,1.61,#D9E9F1,29,32,30
-52.29,85.41,-2.90,#E0ECF3,31,33,34
-45.69,89.29,-0.48,#E6EFF4,31,34,32
-51.03,85.41,-6.79,#E7EFF4,33,35,36
-44.68,89.30,-2.16,#F0F4F6,33,36,34
-49.15,85.41,-9.91,#EAF1F5,35,37,38
-43.76,89.31,-3.28,#F6F6F7,35,38,36
-47.44,85.41,-11.99,#EAF1F5,37,39,40
-43.36,89.31,-3.69,#F7F7F7,37,40,38
-46.69,85.41,-12.75,#EAF1F5,39,41,42
-42.07,89.31,-3.69,#F7F7F7,39,42,40
-44.29,85.41,-12.75,#EAF1F5,41,43,44
-40.78,89.31,-3.69,#F7F7F7,41,44,42
-41.89,85.41,-12.75,#EAF1F5,43,45,46
-39.49,89.31,-3.69,#F7F7F7,43,46,44
-39.49,85.41,-12.75,#EAF1F5,45,47,48
-38.21,89.31,-3.69,#F7F7F7,45,48,46
-37.10,85.41,-12.75,#EAF1F5,47,49,50
-36.92,89.31,-3.69,#F7F7F7,47,50,48
-34.70,85.41,-12.75,#E9F0F4,49,51,52
-35.63,89.31,-3.69,#F6F7F7,49,52,50
-32.30,85.41,-12.75,#E4EEF3,51,53,54
-35.23,89.31,-3.28,#F2F4F6,51,54,52
-31.55,85.41,-11.99,#DBEAF2,53,55,56
-34.31,89.30,-2.16,#E9F0F4,53,56,54
-29.84,85.41,-9.91,#CFE4F0,55,57,58
-33.30,89.29,-0.48,#DCEAF2,55,58,56
-27.96,85.41,-6.79,#BBD9EA,57,59,60
-32.63,89.28,1.61,#CBE2EE,57,60,58
-26.70,85.41,-2.90,#A5CEE3,59,61,62
-32.71,89.27,3.96,#B1D4E7,59,62,60
-26.85,85.41,1.47,#97C8DF,61,63,64
-33.98,89.26,6.42,#9BC9E0,61,64,62
-29.21,85.41,6.04,#90C4DD,63,65,66
-35.37,89.26,7.49,#90C4DD,63,66,64
-31.82,85.41,8.03,#8DC1DC,65,67,68
-37.30,89.26,8.13,#8ABFDB,65,68,66
-35.41,85.41,9.23,#8EC2DC,67,69,70
-39.49,89.26,8.35,#8ABFDB,67,70,68
-39.49,85.41,9.63,#93C6DE,69,71,72
-41.69,89.26,8.13,#8FC3DD,69,72,70
-43.58,85.41,9.23,#9CCAE1,71,25,28
-43.61,89.26,7.49,#98C8E0,71,28,72
-47.17,85.41,8.03,#BAD9E9,28,27,73
-54.75,78.11,0.13,#AED3E6,28,73,74
-51.90,78.11,6.50,#D8E8F1,27,30,75
-54.93,78.11,-5.97,#D4E6F1,27,75,73
-53.41,78.11,-11.39,#ECF2F5,30,32,76
-51.14,78.11,-15.75,#EBF1F5,30,76,75
-49.08,78.11,-18.66,#F8F3F1,32,34,77
-48.18,78.11,-19.71,#F9F2EE,32,77,76
-45.28,78.11,-19.71,#FAEBE2,34,36,78
-42.39,78.11,-19.71,#FBE7DB,34,78,77
-39.49,78.11,-19.71,#FBE7DB,36,38,79
-36.60,78.11,-19.71,#FCE1D0,36,79,78
-33.70,78.11,-19.71,#FBE6DA,38,40,80
-30.81,78.11,-19.71,#FDDFCD,38,80,79
-29.91,78.11,-18.66,#FBE6DA,40,42,81
-27.85,78.11,-15.75,#FDDFCD,40,81,80
-25.58,78.11,-11.39,#FBE6DA,42,44,82
-24.06,78.11,-5.97,#FDDFCD,42,82,81
-24.24,78.11,0.13,#FBE6DA,44,46,83
-27.09,78.11,6.50,#FDDFCD,44,83,82
-30.23,78.11,9.28,#FBE6DA,46,48,84
-34.57,78.11,10.95,#FDDFCD,46,84,83
-39.49,78.11,11.51,#FBE6DA,48,50,85
-44.42,78.11,10.95,#FDDFCD,48,85,84
-48.76,78.11,9.28,#FBE8DD,50,52,86
-56.79,70.81,-0.90,#FCE0CF,50,86,85
-53.57,70.81,6.95,#FAEEE7,52,54,87
-57.00,70.81,-8.42,#FCE5D8,52,87,86
-55.28,70.81,-15.10,#F6F6F7,54,56,88
-52.70,70.81,-20.48,#F9EFE8,54,88,87
-50.37,70.81,-24.06,#E4EEF3,56,58,89
-49.34,70.81,-25.36,#F0F4F6,56,89,88
-46.06,70.81,-25.36,#CEE4EF,58,60,90
-42.78,70.81,-25.36,#DAE9F2,58,90,89
-39.49,70.81,-25.36,#ABD1E5,60,62,91
-36.21,70.81,-25.36,#B9D8E9,60,91,90
-32.93,70.81,-25.36,#94C6DF,62,64,92
-29.64,70.81,-25.36,#98C8E0,62,92,91
-28.62,70.81,-24.06,#87BDDA,64,66,93
-26.28,70.81,-20.48,#87BDDA,64,93,92
-23.71,70.81,-15.10,#81B9D8,66,68,94
-21.99,70.81,-8.42,#7EB7D6,66,94,93
-22.20,70.81,-0.90,#83BAD8,68,70,95
-25.42,70.81,6.95,#7DB6D6,68,95,94
-28.99,70.81,10.38,#8CC0DC,70,72,96
-33.91,70.81,12.44,#84BBD9,70,96,95
-39.49,70.81,13.13,#9BC9E0,72,28,74
-45.08,70.81,12.44,#93C5DE,72,74,96
-50.00,70.81,10.38,#BEDBEA,74,73,97
-58.43,63.51,-1.63,#AED3E6,74,97,98
-54.90,63.51,7.35,#E2EDF3,73,75,99
-58.66,63.51,-10.21,#DBEAF2,73,99,97
-56.77,63.51,-17.86,#F8F3F1,75,76,100
-53.95,63.51,-24.00,#F7F7F6,75,100,99
-51.39,63.51,-28.09,#FCE3D5,76,77,101
-50.28,63.51,-29.58,#FCE4D6,76,101,100
-46.68,63.51,-29.58,#FDD5BF,77,78,102
-43.09,63.51,-29.58,#FCD2BB,77,102,101
-39.49,63.51,-29.58,#FBCBB2,78,79,103
-35.90,63.51,-29.58,#FAC2A6,78,103,102
-32.31,63.51,-29.58,#FBC8AF,79,80,104
-28.71,63.51,-29.58,#F9BDA0,79,104,103
-27.60,63.51,-28.09,#FBC8AF,80,81,105
-25.04,63.51,-24.00,#F9BDA0,80,105,104
-22.22,63.51,-17.86,#FBC8AF,81,82,106
-20.33,63.51,-10.21,#F9BDA0,81,106,105
-20.56,63.51,-1.63,#FBC8AF,82,83,107
-24.09,63.51,7.35,#F9BDA0,82,107,106
-28.00,63.51,11.27,#FBC8AF,83,84,108
-33.38,63.51,13.62,#F9BDA0,83,108,107
-45.61,63.51,13.62,#FBC8AF,84,85,109
-39.33,71.95,20.76,#F9BDA0,84,109,108
-44.80,65.42,20.76,#FCCDB5,85,86,110
-39.33,65.42,20.76,#FAC0A3,85,110,109
-50.99,63.51,11.27,#FDDCC8,86,87,111
-59.72,56.22,-2.08,#FBCCB3,86,111,110
-55.95,56.22,7.59,#FBE9DF,87,88,112
-59.97,56.22,-11.33,#FCE0CF,87,112,111
-57.95,56.22,-19.56,#F2F5F6,88,89,113
-54.94,56.22,-26.17,#F9F1EC,88,113,112
-52.21,56.22,-30.58,#D7E8F1,89,90,114
-51.01,56.22,-32.18,#E3EEF3,89,114,113
-47.17,56.22,-32.18,#ACD2E5,90,91,115
-43.33,56.22,-32.18,#BDDBEA,90,115,114
-39.49,56.22,-32.18,#8DC1DC,91,92,116
-35.66,56.22,-32.18,#93C5DE,91,116,115
-31.82,56.22,-32.18,#7BB5D5,92,93,117
-27.98,56.22,-32.18,#7DB6D6,92,117,116
-26.78,56.22,-30.58,#73AFD2,93,94,118
-24.05,56.22,-26.17,#70ADD1,93,118,117
-21.04,56.22,-19.56,#75B0D3,94,95,119
-19.02,56.22,-11.33,#6FACD1,94,119,118
-19.27,56.22,-2.08,#81B9D7,95,96,120
-23.04,56.22,7.59,#78B3D4,95,120,119
-27.21,56.22,11.81,#96C7DF,96,74,98
-32.96,56.22,14.34,#8BC0DB,96,98,120
-33.85,65.42,20.76,#C1DDEB,98,97,121
-39.33,58.89,20.76,#AED3E6,98,121,122
-33.48,58.89,20.76,#EAF1F5,97,99,123
-45.18,58.89,20.76,#E0ECF3,97,123,121
-39.49,63.51,14.40,#FBEAE1,99,100,124
-46.03,56.22,14.34,#F9EFE9,99,124,123
-39.49,56.22,15.18,#FCD3BD,100,101,125
-51.78,56.22,11.81,#FDD8C3,100,125,124
-60.70,48.92,-2.55,#F8B89A,101,102,126
-56.74,48.92,7.21,#F8B99B,101,126,125
-60.95,48.92,-11.88,#F6AC8A,102,103,127
-58.84,48.92,-20.18,#F4A683,102,127,126
-55.69,48.92,-26.86,#F5A987,103,104,128
-52.82,48.92,-31.31,#F29F7D,103,128,127
-56.25,51.53,-43.96,#F5A987,104,105,129
-55.93,51.53,-43.96,#F29F7D,104,129,128
-56.08,47.12,-43.96,#F5A987,105,106,130
-56.41,47.12,-43.96,#F29F7D,105,130,129
-47.54,48.92,-32.92,#F5A987,106,107,131
-51.57,48.92,-32.92,#F29F7D,106,131,130
-43.52,48.92,-32.92,#F5A987,107,108,132
-39.49,48.92,-32.92,#F29F7D,107,132,131
-35.47,48.92,-32.92,#F5A987,108,109,133
-31.45,48.92,-32.92,#F29F7D,108,133,132
-27.42,48.92,-32.92,#F6AF8E,109,110,134
-23.06,51.53,-43.96,#F3A380,109,134,133
-22.74,51.53,-43.96,#FAC1A5,110,111,135
-22.58,47.12,-43.96,#F7B191,110,135,134
-22.91,47.12,-43.96,#FDDDCB,111,112,136
-23.30,48.92,-26.86,#FCCDB5,111,136,135
-26.17,48.92,-31.31,#F9F2EE,112,113,137
-20.15,48.92,-20.18,#FBE8DD,112,137,136
-18.03,48.92,-11.88,#DDEBF2,113,114,138
-18.29,48.92,-2.55,#EBF1F5,113,138,137
-22.25,48.92,7.21,#ACD2E5,114,115,139
-26.62,48.92,11.46,#C0DCEB,114,139,138
-32.64,48.92,14.02,#86BCD9,115,116,140
-39.33,52.36,20.76,#8EC2DD,115,140,139
-33.19,52.36,20.76,#71ADD2,116,117,141
-45.46,52.36,20.76,#74B0D3,116,141,140
-46.35,48.92,14.02,#69A8CF,118,119,142
-39.49,48.92,14.87,#367FB9,143,144,145
-52.37,48.92,11.46,#77B2D4,119,120,146
-61.35,41.62,-3.70,#6EACD1,119,146,142
-57.27,41.62,5.69,#91C4DD,120,98,122
-61.61,41.62,-12.69,#85BCD9,120,122,146
-59.44,41.62,-20.68,#C3DEEC,122,121,147
-56.18,41.62,-27.11,#ADD2E6,122,147,148
-53.23,41.62,-31.40,#EFF3F5,121,123,149
-51.94,41.62,-32.95,#E3EDF3,121,149,147
-47.79,41.62,-32.95,#FCE3D5,123,124,150
-43.64,41.62,-32.95,#FAEAE1,123,150,149
-39.49,41.62,-32.95,#FAC2A6,124,125,151
-35.35,41.62,-32.95,#FBCBB2,124,151,150
-31.20,41.62,-32.95,#F4A481,125,126,152
-27.05,41.62,-32.95,#F5A886,125,152,151
-25.76,41.62,-31.40,#EC9272,126,127,153
-22.80,41.62,-27.11,#EB8F70,126,153,152
-19.55,41.62,-20.68,#EA8E6F,127,128,154
-17.37,41.62,-12.69,#E8876A,127,154,153
-17.64,41.62,-3.70,#EA8E6F,128,129,155
-21.72,41.62,5.69,#E8876A,128,155,154
-26.22,41.62,9.80,#EA8E6F,129,130,156
-32.43,41.62,12.26,#E8876A,129,156,155
-39.33,45.83,20.76,#EA8E6F,130,131,157
-39.49,41.62,13.08,#E8876A,130,157,156
-52.77,41.62,9.80,#EA8E6F,131,132,158
-46.56,41.62,12.26,#E8876A,131,158,157
-61.64,34.33,-5.44,#EA8E6F,132,133,159
-57.51,34.33,3.39,#E8876A,132,159,158
-61.91,34.33,-13.89,#EE9676,133,134,160
-59.70,34.33,-21.41,#E98B6D,133,160,159
-56.41,34.33,-27.45,#F6AD8C,134,135,161
-53.41,34.33,-31.48,#F19E7D,134,161,160
-52.11,34.33,-32.94,#FCCFB8,135,136,162
-47.90,34.33,-32.94,#F9BEA2,135,162,161
-43.70,34.33,-32.94,#FAECE4,136,137,163
-39.49,34.33,-32.94,#FCE2D3,136,163,162
-35.29,34.33,-32.94,#E2EDF3,137,138,164
-31.09,34.33,-32.94,#EFF3F6,137,164,163
-26.88,34.33,-32.94,#ACD2E5,138,139,165
-25.58,34.33,-31.48,#C2DDEC,138,165,164
-22.58,34.33,-27.45,#81B9D8,139,140,166
-19.28,34.33,-21.41,#8BC0DB,139,166,165
-17.08,34.33,-13.89,#69A8CF,140,141,167
-17.34,34.33,-5.44,#6EACD1,140,167,166
-21.48,34.33,3.39,#367FB9,168,145,169
-26.04,34.33,7.24,#367FB9,168,169,170
-32.34,34.33,9.56,#367FB9,145,144,171
-39.49,34.33,10.33,#5A9FCA,172,173,174
-46.65,34.33,9.56,#70ADD1,142,146,175
-52.95,34.33,7.24,#67A7CE,142,175,173
-61.49,27.03,-7.62,#8DC1DC,146,122,148
-57.39,27.03,0.46,#81B8D7,146,148,175
-61.76,27.03,-15.35,#C5DEEC,148,147,176
-59.56,27.03,-22.23,#AFD3E6,148,176,177
-56.29,27.03,-27.76,#F2F4F6,147,149,178
-53.32,27.03,-31.45,#E5EEF4,147,178,176
-52.02,27.03,-32.78,#FCE0CF,149,150,179
-47.84,27.03,-32.78,#FBE8DD,149,179,178
-43.67,27.03,-32.78,#F8B99B,150,151,180
-39.49,27.03,-32.78,#FBC5AA,150,180,179
-35.32,27.03,-32.78,#EE9676,151,152,181
-31.14,27.03,-32.78,#F2A07E,151,181,180
-26.97,27.03,-32.78,#B7262F,182,183,184
-25.67,27.03,-31.45,#B7262F,182,184,185
-22.70,27.03,-27.76,#E47F63,153,154,186
-19.42,27.03,-22.23,#E37D62,153,186,187
-17.23,27.03,-15.35,#E47F63,154,155,188
-17.50,27.03,-7.62,#E37D62,154,188,186
-21.60,27.03,0.46,#E47F63,155,156,189
-26.14,27.03,3.99,#E37D62,155,189,188
-32.39,27.03,6.10,#E47F63,156,157,190
-39.49,27.03,6.81,#E37D62,156,190,189
-46.60,27.03,6.10,#E47F63,157,158,191
-52.85,27.03,3.99,#E37D62,157,191,190
-61.29,24.33,-8.53,#E47F63,158,159,192
-57.22,24.33,-0.77,#E37D62,158,192,191
-61.55,24.33,-15.94,#B7262F,193,194,195
-59.38,24.33,-22.54,#B7262F,193,195,196
-56.13,24.33,-27.84,#F3A17F,160,161,197
-53.19,24.33,-31.37,#ED9475,160,197,198
-51.90,24.33,-32.66,#FBC6AC,161,162,199
-47.77,24.33,-32.66,#F8B799,161,199,197
-43.63,24.33,-32.66,#FBE9DE,162,163,200
-39.49,24.33,-32.66,#FCDFCE,162,200,199
-35.36,24.33,-32.66,#E4EEF4,163,164,201
-31.22,24.33,-32.66,#F2F5F6,163,201,200
-27.09,24.33,-32.66,#AED3E6,164,165,202
-25.80,24.33,-31.37,#C5DFED,164,202,201
-22.85,24.33,-27.84,#80B8D7,165,166,203
-19.61,24.33,-22.54,#8CC1DC,165,203,202
-17.44,24.33,-15.94,#66A6CE,166,167,204
-17.70,24.33,-8.53,#6EACD1,166,204,203
-21.77,24.33,-0.77,#367FB9,170,169,205
-26.26,24.33,2.61,#367FB9,170,205,206
-32.45,24.33,4.64,#367FB9,169,171,207
-39.49,24.33,5.32,#5A9FCA,174,208,209
-46.54,24.33,4.64,#6DABD0,173,175,210
-52.73,24.33,2.61,#67A7CE,173,210,208
-60.98,21.62,-9.48,#8CC0DC,175,148,177
-56.97,21.62,-2.09,#81B9D8,175,177,210
-61.24,21.62,-16.54,#C9E1EE,177,176,211
-59.09,21.62,-22.83,#B6D7E8,177,211,212
-55.90,21.62,-27.89,#F4F6F6,176,178,213
-52.99,21.62,-31.25,#E9F0F4,176,213,211
-51.73,21.62,-32.48,#FDDECC,178,179,214
-47.65,21.62,-32.48,#FBE6DA,178,214,213
-43.57,21.62,-32.48,#F8B597,179,180,215
-39.49,21.62,-32.48,#FAC2A6,179,215,214
-35.42,21.62,-32.48,#EC9273,180,181,216
-31.34,21.62,-32.48,#F19D7B,180,216,215
-27.26,21.62,-32.48,#E47F64,181,187,217
-26.00,21.62,-31.25,#E68367,181,217,216
-23.09,21.62,-27.89,#E27B60,187,186,218
-19.89,21.62,-22.83,#E27B60,187,218,217
-17.75,21.62,-16.54,#E27B60,186,188,219
-18.01,21.62,-9.48,#E27B60,186,219,218
-22.02,21.62,-2.09,#E27B60,188,189,220
-26.45,21.62,1.13,#E27B60,188,220,219
-32.55,21.62,3.07,#E27B60,189,190,221
-39.49,21.62,3.71,#E27B60,189,221,220
-46.44,21.62,3.07,#E27B60,190,191,222
-52.54,21.62,1.13,#E27B60,190,222,221
-60.54,18.92,-10.48,#E27B60,191,192,223
-56.61,18.92,-3.49,#E27B60,191,223,222
-60.79,18.92,-17.16,#E68367,192,198,224
-58.70,18.92,-23.11,#E47F63,192,224,223
-55.57,18.92,-27.89,#F19D7C,198,197,225
-52.72,18.92,-31.07,#EC9272,198,225,224
-56.46,17.87,-43.96,#FAC2A7,197,199,226
-56.12,17.87,-43.96,#F8B495,197,226,225
-56.05,16.19,-43.96,#FBE6DA,199,200,227
-56.38,16.19,-43.96,#FDDDCB,199,227,226
-47.48,18.92,-32.23,#E8F0F4,200,201,228
-51.48,18.92,-32.23,#F6F6F7,200,228,227
-43.49,18.92,-32.23,#B3D6E7,201,202,229
-39.49,18.92,-32.23,#CDE3EF,201,229,228
-35.50,18.92,-32.23,#87BDDA,202,203,230
-31.51,18.92,-32.23,#96C7DF,202,230,229
-27.51,18.92,-32.23,#6DABD0,203,204,231
-22.87,17.87,-43.96,#79B3D4,203,231,230
-22.53,17.87,-43.96,#367FB9,206,205,232
-22.61,16.19,-43.96,#68A8CF,204,233,231
-22.94,16.19,-43.96,#74B0D3,208,210,234
-23.42,18.92,-27.89,#72AED2,208,234,235
-26.27,18.92,-31.07,#91C5DE,210,177,212
-20.29,18.92,-23.11,#8BC0DB,210,212,234
-18.19,18.92,-17.16,#D2E6F0,212,211,236
-18.45,18.92,-10.48,#C3DEEC,212,236,237
-22.38,18.92,-3.49,#F7F6F5,211,213,238
-26.71,18.92,-0.44,#EFF3F5,211,238,236
-32.69,18.92,1.39,#FDDCC9,213,214,239
-39.49,18.92,2.00,#FCE3D5,213,239,238
-46.30,18.92,1.39,#F7B394,214,215,240
-52.28,18.92,-0.44,#FABFA2,214,240,239
-59.95,16.22,-11.53,#EC9172,215,216,241
-56.13,16.22,-4.99,#F09B7A,215,241,240
-60.20,16.22,-17.78,#E47E63,216,217,242
-58.16,16.22,-23.35,#E58266,216,242,241
-55.11,16.22,-27.82,#E27A60,217,218,243
-52.35,16.22,-30.80,#E27A60,217,243,242
-51.14,16.22,-31.89,#E27A60,218,219,244
-47.26,16.22,-31.89,#E27A60,218,244,243
-43.38,16.22,-31.89,#E27A60,219,220,245
-39.49,16.22,-31.89,#E27A60,219,245,244
-35.61,16.22,-31.89,#E27A60,220,221,246
-31.73,16.22,-31.89,#E27A60,220,246,245
-27.85,16.22,-31.89,#E27A60,221,222,247
-26.64,16.22,-30.80,#E27A60,221,247,246
-23.87,16.22,-27.82,#E27A60,222,223,248
-20.83,16.22,-23.35,#E27A60,222,248,247
-18.79,16.22,-17.78,#E58266,223,224,249
-19.04,16.22,-11.53,#E47E63,223,249,248
-22.86,16.22,-4.99,#F09C7A,224,225,250
-27.07,16.22,-2.13,#EC9071,224,250,249
-32.89,16.22,-0.42,#FABFA3,225,226,251
-39.49,16.22,0.15,#F7B292,225,251,250
-46.10,16.22,-0.42,#FCE4D6,226,227,252
-51.92,16.22,-2.13,#FDDAC6,226,252,251
-59.16,13.51,-12.63,#EDF2F5,227,228,253
-55.49,13.51,-6.59,#F8F4F2,227,253,252
-59.39,13.51,-18.41,#BFDBEB,228,229,254
-57.44,13.51,-23.55,#D6E7F1,228,254,253
-54.51,13.51,-27.68,#96C7DF,229,230,255
-51.85,13.51,-30.43,#A5CEE3,229,255,254
-50.69,13.51,-31.43,#7EB7D6,230,231,256
-46.96,13.51,-31.43,#8CC0DC,230,256,255
-43.23,13.51,-31.43,#73AFD2,231,233,257
-39.49,13.51,-31.43,#7DB6D6,231,257,256
-35.76,13.51,-31.43,#75B0D3,233,235,258
-32.03,13.51,-31.43,#7AB4D5,233,258,257
-28.30,13.51,-31.43,#84BBD9,235,234,259
-27.14,13.51,-30.43,#85BCD9,235,259,258
-24.48,13.51,-27.68,#9FCBE2,234,212,237
-21.55,13.51,-23.55,#9BC9E1,234,237,259
-19.59,13.51,-18.41,#DBEAF2,237,236,260
-19.83,13.51,-12.63,#D3E6F0,237,260,261
-23.50,13.51,-6.59,#F9F1ED,236,238,262
-27.55,13.51,-3.96,#F6F7F7,236,262,260
-33.14,13.51,-2.38,#FDD7C2,238,239,263
-39.49,13.51,-1.85,#FCDFCE,238,263,262
-45.85,13.51,-2.38,#F7B090,239,240,264
-51.44,13.51,-3.96,#F9BB9E,239,264,263
-58.09,10.81,-13.80,#EB9071,240,241,265
-54.62,10.81,-8.33,#EF9A79,240,265,264
-58.32,10.81,-19.02,#E47F64,241,242,266
-56.47,10.81,-23.68,#E68367,241,266,265
-53.70,10.81,-27.42,#E27B61,242,243,267
-51.18,10.81,-29.91,#E27B61,242,267,266
-50.09,10.81,-30.81,#E27B61,243,244,268
-46.56,10.81,-30.81,#E27B61,243,268,267
-43.02,10.81,-30.81,#E27B61,244,245,269
-39.49,10.81,-30.81,#E27B61,244,269,268
-35.96,10.81,-30.81,#E27B61,245,246,270
-32.43,10.81,-30.81,#E27B61,245,270,269
-28.90,10.81,-30.81,#E27B61,246,247,271
-27.81,10.81,-29.91,#E27B61,246,271,270
-25.29,10.81,-27.42,#E27B61,247,248,272
-22.52,10.81,-23.68,#E27B61,247,272,271
-20.67,10.81,-19.02,#E58266,248,249,273
-20.90,10.81,-13.80,#E47F64,248,273,272
-24.37,10.81,-8.33,#EF9A79,249,250,274
-28.20,10.81,-5.95,#EB8F71,249,274,273
-33.48,10.81,-4.52,#F9BC9E,250,251,275
-39.49,10.81,-4.04,#F6AF8E,250,275,274
-45.50,10.81,-4.52,#FCE0D0,251,252,276
-50.79,10.81,-5.95,#FCD4BE,251,276,275
-56.64,8.11,-15.03,#F4F6F6,252,253,277
-53.44,8.11,-10.24,#F9EFE9,252,277,276
-56.85,8.11,-19.62,#CFE4EF,253,254,278
-55.14,8.11,-23.70,#E0ECF3,253,278,277
-52.59,8.11,-26.98,#A9D0E4,254,255,279
-50.27,8.11,-29.16,#B9D9E9,254,279,278
-49.26,8.11,-29.96,#95C6DF,255,256,280
-46.00,8.11,-29.96,#A3CDE3,255,280,279
-42.75,8.11,-29.96,#8BC0DB,256,257,281
-39.49,8.11,-29.96,#96C7DF,256,281,280
-36.24,8.11,-29.96,#8DC1DC,257,258,282
-32.98,8.11,-29.96,#94C6DF,257,282,281
-29.73,8.11,-29.96,#9AC9E0,258,259,283
-28.72,8.11,-29.16,#9DCAE1,258,283,282
-26.40,8.11,-26.98,#B2D5E7,259,237,261
-23.85,8.11,-23.70,#B0D4E6,259,261,283
-22.14,8.11,-19.62,#E4EEF3,261,260,284
-22.35,8.11,-15.03,#DAE9F2,261,284,285
-25.54,8.11,-10.24,#FAEDE5,260,262,286
-29.08,8.11,-8.15,#F8F4F1,260,286,284
-33.95,8.11,-6.89,#FCD2BB,262,263,287
-39.49,8.11,-6.47,#FDDDCA,262,287,286
-45.04,8.11,-6.89,#F6AE8D,263,264,288
-49.91,8.11,-8.15,#F8B99B,263,288,287
-52.51,3.55,-17.35,#EB9071,264,265,289
-50.08,3.55,-13.92,#EF9978,264,289,288
-52.67,3.55,-20.63,#E48064,265,266,290
-51.37,3.55,-23.55,#E68367,265,290,289
-49.43,3.55,-25.90,#E37C62,266,267,291
-47.67,3.55,-27.46,#E37C62,266,291,290
-46.91,3.55,-28.03,#E37C62,267,268,292
-44.44,3.55,-28.03,#E37C62,267,292,291
-41.97,3.55,-28.03,#E37C62,268,269,293
-39.49,3.55,-28.03,#E37C62,268,293,292
-37.02,3.55,-28.03,#E37C62,269,270,294
-34.55,3.55,-28.03,#E37C62,269,294,293
-32.08,3.55,-28.03,#E37C62,270,271,295
-31.32,3.55,-27.46,#E37C62,270,295,294
-29.56,3.55,-25.90,#E37C62,271,272,296
-27.62,3.55,-23.55,#E37C62,271,296,295
-26.32,3.55,-20.63,#E68367,272,273,297
-26.48,3.55,-17.35,#E48064,272,297,296
-28.91,3.55,-13.92,#EF9978,273,274,298
-31.59,3.55,-12.43,#EB9071,273,298,297
-35.29,3.55,-11.53,#F8B99B,274,275,299
-39.49,3.55,-11.23,#F6AD8C,274,299,298
-43.70,3.55,-11.53,#FDDDCB,275,276,300
-47.40,3.55,-12.43,#FCD1BA,275,300,299
-49.90,1.04,-18.64,#F8F4F3,276,277,301
-47.96,1.04,-16.11,#FAECE3,276,301,300
-50.03,1.04,-21.06,#D9E9F1,277,278,302
-48.99,1.04,-23.22,#E6EFF4,277,302,301
-47.44,1.04,-24.95,#BBD9EA,278,279,303
-46.04,1.04,-26.10,#C6DFED,278,303,302
-45.42,1.04,-26.52,#A9D0E4,279,280,304
-43.45,1.04,-26.52,#B1D4E7,279,304,303
-41.47,1.04,-26.52,#A1CCE2,280,281,305
-39.49,1.04,-26.52,#A6CFE3,280,305,304
-37.52,1.04,-26.52,#A2CDE2,281,282,306
-35.54,1.04,-26.52,#A4CEE3,281,306,305
-33.57,1.04,-26.52,#AED3E6,282,283,307
-32.95,1.04,-26.10,#ACD2E5,282,307,306
-31.55,1.04,-24.95,#C3DEEC,283,261,285
-30.00,1.04,-23.22,#BEDBEA,283,285,307
-28.96,1.04,-21.06,#E8F0F4,285,284,308
-29.09,1.04,-18.64,#DFECF3,285,308,309
-31.03,1.04,-16.11,#FAEAE1,284,286,310
-33.17,1.04,-15.00,#F9F1ED,284,310,308
-36.13,1.04,-14.34,#FCCFB8,286,287,311
-39.49,1.04,-14.12,#FDDBC8,286,311,310
-42.86,1.04,-14.34,#F6AD8C,287,288,312
-45.82,1.04,-15.00,#F8B799,287,312,311
-39.49,-1.18,-20.81,#EB9071,288,289,313
-42.18,149.46,4.80,#EF9978,288,313,312
-41.68,149.45,6.07,#E58165,289,290,314
-42.21,149.46,3.58,#E68468,289,314,313
-41.94,149.46,2.50,#E37D62,290,291,315
-41.54,149.46,1.64,#E37E63,290,315,314
-41.18,149.46,1.06,#E37D62,291,292,316
-41.02,149.47,0.85,#E37E63,291,316,315
-40.51,149.47,0.85,#E37D62,292,293,317
-40.00,149.47,0.85,#E37E63,292,317,316
-39.49,149.47,0.85,#E37D62,293,294,318
-38.99,149.47,0.85,#E37E63,293,318,317
-38.48,149.47,0.85,#E37D62,294,295,319
-37.97,149.47,0.85,#E37E63,294,319,318
-37.81,149.46,1.06,#E37D62,295,296,320
-37.45,149.46,1.64,#E37E63,295,320,319
-37.05,149.46,2.50,#E68467,296,297,321
-36.78,149.46,3.58,#E58165,296,321,320
-36.81,149.46,4.80,#EF9978,297,298,322
-37.31,149.45,6.07,#EB9071,297,322,321
-37.87,149.45,6.62,#F8B799,298,299,323
-38.63,149.45,6.95,#F6AC8B,298,323,322
-39.49,149.45,7.06,#FDDCC8,299,300,324
-40.36,149.45,6.95,#FCCEB6,299,324,323
-41.12,149.45,6.62,#F9F2EE,300,301,325
-52.61,163.95,-18.24,#FBE9E0,300,325,324
-52.61,154.09,-18.70,#DEEBF2,301,302,326
-53.51,154.09,-18.59,#EAF1F5,301,326,325
-53.43,163.95,-18.10,#C5DEEC,302,303,327
-52.30,163.95,-18.27,#CFE4F0,302,327,326
-46.91,166.07,24.12,#B3D6E7,303,304,328
-46.91,159.22,24.60,#BCDAEA,303,328,327
-46.00,159.21,24.10,#ACD2E5,304,305,329
-46.08,166.07,23.72,#B1D4E7,304,329,328
-21.82,-3.24,-37.44,#ADD2E6,305,306,330
-22.13,0.25,-40.17,#AFD3E6,305,330,329
-22.23,-2.52,-36.90,#B8D8E9,306,307,331
-21.60,-0.25,-40.95,#B7D7E8,306,331,330
-23.08,0.25,-40.17,#CCE2EF,307,285,309
-22.98,-2.52,-36.90,#C8E0ED,307,309,331
-23.60,-0.25,-40.95,#EDF2F5,309,308,332
-23.38,-3.24,-37.44,#E5EEF4,309,332,333
-23.13,-0.73,-41.74,#FBE8DD,308,310,334
-23.01,-3.95,-37.98,#F9EEE8,308,334,332
-22.08,-0.73,-41.74,#FCCDB5,310,311,335
-22.19,-3.95,-37.98,#FDD9C4,310,335,334
-22.06,3.63,-42.28,#F6AC8B,311,312,336
-21.45,3.38,-43.22,#F8B697,311,336,335
-23.15,3.63,-42.28,#EC9172,312,313,337
-23.76,3.38,-43.22,#EF9978,312,337,336
-23.21,3.14,-44.16,#B7262F,338,339,340
-21.99,3.14,-44.16,#B7262F,338,340,341
-22.03,7.30,-43.01,#E47F64,314,315,342
-21.39,7.30,-44.00,#E47F64,314,342,343
-23.17,7.30,-43.01,#E47F64,315,316,344
-23.81,7.30,-44.00,#E47F64,315,344,342
-23.24,7.30,-44.99,#E47F64,316,317,345
-21.96,7.30,-44.99,#E47F64,316,345,344
-22.04,19.10,-42.91,#E47F64,317,318,346
-21.40,19.10,-44.02,#E47F64,317,346,345
-23.16,19.10,-42.91,#E47F64,318,319,347
-23.80,19.10,-44.02,#E47F64,318,347,346
-23.24,19.10,-45.14,#E47F64,319,320,348
-21.96,19.10,-45.14,#E47F64,319,348,347
-22.04,26.46,-42.91,#B7262F,349,350,351
-21.40,26.46,-44.02,#B7262F,349,351,352
-23.16,26.46,-42.91,#EF9978,321,322,353
-23.80,26.46,-44.02,#EC9172,321,353,354
-23.24,26.46,-45.14,#F8B697,322,323,355
-21.96,26.46,-45.14,#F6AC8A,322,355,353
-22.04,33.81,-42.91,#FDD9C5,323,324,356
-21.40,33.81,-44.02,#FCCCB3,323,356,355
-23.16,33.81,-42.91,#F9EFE9,324,325,357
-23.80,33.81,-44.02,#FBE7DC,324,357,356
-23.24,33.81,-45.14,#E3EEF3,325,326,358
-21.96,33.81,-45.14,#EFF3F6,325,358,357
-22.04,41.17,-42.91,#CFE4EF,326,327,359
-21.40,41.17,-44.02,#D6E7F1,326,359,358
-23.16,41.17,-42.91,#BEDBEB,327,328,360
-23.80,41.17,-44.02,#C7E0ED,327,360,359
-23.24,41.17,-45.14,#B7D7E8,328,329,361
-21.96,41.17,-45.14,#BCDAEA,328,361,360
-22.04,48.53,-42.91,#B8D8E9,329,330,362
-21.40,48.53,-44.02,#BBD9EA,329,362,361
-23.16,48.53,-42.91,#C3DDEC,330,331,363
-23.80,48.53,-44.02,#C2DDEC,330,363,362
-23.24,48.53,-45.14,#D4E6F1,331,309,333
-21.96,48.53,-45.14,#D2E5F0,331,333,363
-22.04,55.88,-42.91,#F2F5F6,333,332,364
-21.40,55.88,-44.02,#EAF1F5,333,364,365
-23.16,55.88,-42.91,#FBE6D9,332,334,366
-23.80,55.88,-44.02,#FAECE3,332,366,364
-23.24,55.88,-45.14,#FBCBB2,334,335,367
-21.96,55.88,-45.14,#FDD6C0,334,367,366
-22.04,63.24,-42.91,#F6AC8B,335,336,368
-21.40,63.24,-44.02,#F8B596,335,368,367
-23.16,63.24,-42.91,#EC9273,336,337,369
-23.80,63.24,-44.02,#F09A79,336,369,368
-23.24,63.24,-45.14,#E68468,337,343,370
-21.96,63.24,-45.14,#E8886A,337,370,369
-22.60,-3.24,-37.44,#E58165,343,342,371
-22.60,63.24,-44.02,#E58266,343,371,370
-56.66,-2.52,-36.90,#E58165,342,344,372
-56.76,0.25,-40.17,#E58266,342,372,371
-57.07,-3.24,-37.44,#E58165,344,345,373
-57.29,-0.25,-40.95,#E58266,344,373,372
-55.91,-2.52,-36.90,#E58165,345,346,374
-55.81,0.25,-40.17,#E58266,345,374,373
-55.51,-3.24,-37.44,#E58165,346,347,375
-55.29,-0.25,-40.95,#E58266,346,375,374
-55.88,-3.95,-37.98,#E58165,347,348,376
-55.76,-0.73,-41.74,#E58266,347,376,375
-56.70,-3.95,-37.98,#E7876A,348,354,377
-56.82,-0.73,-41.74,#E68568,348,377,376
-56.83,3.63,-42.28,#EF9979,354,353,378
-57.44,3.38,-43.22,#EC9273,354,378,377
-55.74,3.63,-42.28,#F8B596,353,355,379
-55.13,3.38,-43.22,#F6AB8A,353,379,378
-55.68,3.14,-44.16,#FDD6C1,355,356,380
-56.90,3.14,-44.16,#FBC9B0,355,380,379
-56.86,7.30,-43.01,#FAECE5,356,357,381
-57.50,7.30,-44.00,#FCE5D7,356,381,380
-55.72,7.30,-43.01,#E9F0F4,357,358,382
-55.08,7.30,-44.00,#F4F6F6,357,382,381
-55.65,7.30,-44.99,#D6E7F1,358,359,383
-56.93,7.30,-44.99,#DDEBF2,358,383,382
-56.85,19.10,-42.91,#CAE1EE,359,360,384
-57.49,19.10,-44.02,#D2E5F0,359,384,383
-55.73,19.10,-42.91,#C3DEEC,360,361,385
-55.09,19.10,-44.02,#C9E1EE,360,385,384
-55.65,19.10,-45.14,#C5DEEC,361,362,386
-56.93,19.10,-45.14,#C7E0ED,361,386,385
-56.85,26.46,-42.91,#CEE3EF,362,363,387
-57.49,26.46,-44.02,#CEE3EF,362,387,386
-55.73,26.46,-42.91,#DAE9F2,363,333,365
-55.09,26.46,-44.02,#D8E8F1,363,365,387
-55.65,26.46,-45.14,#F7F7F7,365,364,388
-56.93,26.46,-45.14,#F0F4F6,365,388,389
-56.85,33.81,-42.91,#FCE3D5,364,366,390
-57.49,33.81,-44.02,#FBE9DE,364,390,388
-55.73,33.81,-42.91,#FBC9AF,366,367,391
-55.09,33.81,-44.02,#FCD3BC,366,391,390
-55.65,33.81,-45.14,#F6AC8B,367,368,392
-56.93,33.81,-45.14,#F8B595,367,392,391
-56.85,41.17,-42.91,#ED9474,368,369,393
-57.49,41.17,-44.02,#F09C7A,368,393,392
-55.73,41.17,-42.91,#E7876A,369,370,394
-55.09,41.17,-44.02,#E98A6D,369,394,393
-55.65,41.17,-45.14,#E68468,370,371,395
-56.93,41.17,-45.14,#E78568,370,395,394
-56.85,48.53,-42.91,#E68468,371,372,396
-57.49,48.53,-44.02,#E78568,371,396,395
-55.73,48.53,-42.91,#E68468,372,373,397
-55.09,48.53,-44.02,#E78568,372,397,396
-55.65,48.53,-45.14,#E68468,373,374,398
-56.93,48.53,-45.14,#E78568,373,398,397
-56.85,55.88,-42.91,#E68468,374,375,399
-57.49,55.88,-44.02,#E78568,374,399,398
-55.73,55.88,-42.91,#E68468,375,376,400
-55.09,55.88,-44.02,#E78568,375,400,399
-55.65,55.88,-45.14,#E8896C,376,377,401
-56.93,55.88,-45.14,#E8886A,376,401,400
-56.85,63.24,-42.91,#F09B7A,377,378,402
-57.49,63.24,-44.02,#ED9474,377,402,401
-55.73,63.24,-42.91,#F8B495,378,379,403
-55.09,63.24,-44.02,#F6AB8A,378,403,402
-55.65,63.24,-45.14,#FCD3BD,379,380,404
-56.93,63.24,-45.14,#FBC7AD,379,404,403
-56.29,-3.24,-37.44,#FBE9E0,380,381,405
-56.29,63.24,-44.02,#FCE2D3,380,405,404
-37.94,61.69,20.26,#EFF3F5,381,382,406
-40.74,61.68,20.26,#F8F5F4,381,406,405
-40.74,61.68,21.12,#DDEBF2,382,383,407
-37.94,61.69,21.12,#E4EEF3,382,407,406
-42.14,59.25,20.26,#D5E7F1,383,384,408
-42.14,59.25,21.12,#DAE9F2,383,408,407
-40.73,56.82,20.26,#D0E5F0,384,385,409
-40.73,56.82,21.12,#D4E6F1,384,409,408
-37.93,56.83,20.26,#D1E5F0,385,386,410
-37.93,56.83,21.12,#D3E6F0,385,410,409
-36.53,59.26,20.26,#D7E8F1,386,387,411
-36.53,59.26,21.12,#D7E8F1,386,411,410
-40.17,60.69,22.93,#E1EDF3,387,365,389
-38.51,60.69,22.93,#E0ECF3,387,389,411
-40.99,59.25,22.93,#F8F3F0,389,388,412
-40.16,57.82,22.93,#F7F7F7,389,412,413
-38.50,57.82,22.93,#FCE1D1,388,390,414
-37.68,59.26,22.93,#FBE6D9,388,414,412
-40.17,60.69,23.44,#FBC7AD,390,391,415
-38.51,60.69,23.44,#FCD0B8,390,415,414
-40.99,59.25,23.44,#F6AC8B,391,392,416
-40.16,57.82,23.44,#F8B495,391,416,415
-38.50,57.82,23.44,#EE9676,392,393,417
-37.68,59.26,23.44,#F19E7C,392,417,416
-40.17,60.69,23.95,#E98A6D,393,394,418
-38.51,60.69,23.95,#EB8E70,393,418,417
-40.99,59.25,23.95,#E8886B,394,395,419
-40.16,57.82,23.95,#E9896C,394,419,418
-38.50,57.82,23.95,#E8886B,395,396,420
-37.68,59.26,23.95,#E9896C,395,420,419
-40.74,63.25,24.22,#E8886B,396,397,421
-37.94,63.27,24.22,#E9896C,396,421,420
-42.14,59.25,24.57,#E8886B,397,398,422
-40.73,55.25,24.22,#E9896C,397,422,421
-37.93,55.26,24.22,#E8886B,398,399,423
-36.53,59.26,24.57,#E9896C,398,423,422
-37.95,65.34,24.22,#E8886B,399,400,424
-40.75,65.33,24.22,#E9896C,399,424,423
-40.75,65.33,25.77,#EA8D6E,400,401,425
-37.95,65.34,25.77,#EA8C6E,400,425,424
-42.14,59.25,25.43,#F19D7B,401,402,426
-40.74,63.25,25.77,#EE9777,401,426,425
-40.73,55.25,25.77,#F7B495,402,403,427
-40.72,53.23,24.22,#F6AC8B,402,427,426
-37.92,53.24,24.22,#FCD0B9,403,404,428
-37.92,53.24,25.77,#FBC5AB,403,428,427
-40.72,53.23,25.77,#FBE6DA,404,405,429
-36.53,59.26,25.43,#FCE0CF,404,429,428
-37.93,55.26,25.77,#F5F6F7,405,406,430
-37.94,63.27,25.77,#F9F1ED,405,430,429
-39.33,59.26,20.26,#E5EEF4,406,407,431
-39.33,59.26,25.43,#EBF1F5,406,431,430
-41.07,59.25,25.10,#DDEBF2,407,408,432
-41.07,59.16,24.97,#E2EDF3,407,432,431
-43.92,59.16,24.97,#D9E9F2,408,409,433
-43.92,59.25,25.10,#DDEBF2,408,433,432
-41.07,58.97,24.98,#DAE9F2,409,410,434
-43.92,58.97,24.98,#DDEAF2,409,434,433
-41.07,58.87,25.10,#DFECF3,410,411,435
-43.92,58.87,25.10,#E0ECF3,410,435,434
-41.07,58.97,25.23,#E9F0F4,411,389,413
-43.92,58.97,25.23,#E8F0F4,411,413,435
-41.07,59.16,25.23,#F9EEE8,413,412,436
-43.92,59.16,25.23,#F8F2EF,413,436,437
-46.77,59.16,24.97,#FDDECD,412,414,438
-46.77,59.25,25.10,#FCE3D4,412,438,436
-46.77,58.97,24.98,#FBC5AB,414,415,439
-46.77,58.87,25.10,#FCCDB5,414,439,438
-46.77,58.97,25.23,#F6AD8D,415,416,440
-46.77,59.16,25.23,#F8B596,415,440,439
-49.62,59.16,24.97,#F09A79,416,417,441
-49.62,59.25,25.10,#F3A27F,416,441,440
-49.62,58.97,24.98,#EB9071,417,418,442
-49.62,58.87,25.10,#ED9474,417,442,441
-49.62,58.97,25.23,#EA8D6F,418,419,443
-49.62,59.16,25.23,#EB8F71,418,443,442
-52.47,59.16,24.97,#EA8D6F,419,420,444
-52.47,59.25,25.10,#EB8F71,419,444,443
-52.47,58.97,24.98,#EA8D6F,420,421,445
-52.47,58.87,25.10,#EB8F71,420,445,444
-52.47,58.97,25.23,#EA8D6F,421,422,446
-52.47,59.16,25.23,#EB8F71,421,446,445
-55.32,59.16,24.97,#EA8D6F,422,423,447
-55.32,59.25,25.10,#EB8F71,422,447,446
-55.32,58.97,24.98,#EA8D6F,423,424,448
-55.32,58.87,25.10,#EB8F71,423,448,447
-55.32,58.97,25.23,#EC9272,424,425,449
-55.32,59.16,25.23,#EC9172,424,449,448
-55.36,62.58,24.63,#F2A07E,425,426,450
-55.36,64.63,24.77,#F09B7A,425,450,449
-55.36,58.55,24.70,#F8B495,426,427,451
-55.36,56.49,24.90,#F6AD8C,426,451,450
-55.36,58.51,25.44,#FCCDB5,427,428,452
-55.36,62.63,25.37,#FAC4A9,427,452,451
-57.43,62.58,24.63,#FCE3D5,428,429,453
-57.43,64.63,24.77,#FDDDCA,428,453,452
-57.43,58.55,24.70,#F8F3F1,429,430,454
-57.43,56.49,24.90,#FAECE5,429,454,453
-57.43,58.51,25.44,#EEF3F5,430,431,455
-57.43,62.63,25.37,#F4F5F6,430,455,454
-59.50,62.58,24.63,#E6EFF4,431,432,456
-59.50,64.63,24.77,#ECF2F5,431,456,455
-59.50,58.55,24.70,#E3EDF3,432,433,457
-59.50,56.49,24.90,#E7EFF4,432,457,456
-59.50,58.51,25.44,#E4EEF3,433,434,458
-59.50,62.63,25.37,#E7EFF4,433,458,457
-61.58,62.58,24.63,#E8F0F4,434,435,459
-61.58,64.63,24.77,#EAF1F5,434,459,458
-61.58,58.55,24.70,#F1F4F6,435,413,437
-61.58,56.49,24.90,#F0F4F6,435,437,459
-61.58,58.51,25.44,#FBE9DE,437,436,460
-61.58,62.63,25.37,#FBEAE0,437,460,461
-63.65,62.58,24.63,#FDDBC8,436,438,462
-63.65,64.63,24.77,#FDDECC,436,462,460
-63.65,58.55,24.70,#FAC4A9,438,439,463
-63.65,56.49,24.90,#FBCAB1,438,463,462
-63.65,58.51,25.44,#F7B090,439,440,464
-63.65,62.63,25.37,#F8B799,439,464,463
-41.07,59.06,25.10,#F3A27F,440,441,465
-63.65,60.57,25.10,#F5A987,440,465,464
-37.06,59.10,25.10,#EF9978,441,442,466
-37.06,59.19,24.97,#F29F7D,441,466,465
-34.21,59.19,24.97,#EE9676,442,443,467
-34.21,59.10,25.10,#F09B7A,442,467,466
-37.06,59.38,24.98,#EE9676,443,444,468
-34.21,59.38,24.98,#F09B7A,443,468,467
-37.06,59.47,25.10,#EE9676,444,445,469
-34.21,59.47,25.10,#F09B7A,444,469,468
-37.06,59.38,25.23,#EE9676,445,446,470
-34.21,59.38,25.23,#F09B7A,445,470,469
-37.06,59.19,25.23,#EE9676,446,447,471
-34.21,59.19,25.23,#F09B7A,446,471,470
-31.36,59.19,24.97,#EE9676,447,448,472
-31.36,59.10,25.10,#F09B7A,447,472,471
-31.36,59.38,24.98,#F09A79,448,449,473
-31.36,59.47,25.10,#F19D7B,448,473,472
-31.36,59.38,25.23,#F4A582,449,450,474
-31.36,59.19,25.23,#F4A481,449,474,473
-28.51,59.19,24.97,#F8B596,450,451,475
-28.51,59.10,25.10,#F7B191,450,475,474
-28.51,59.38,24.98,#FBCAB1,451,452,476
-28.51,59.47,25.10,#FAC2A7,451,476,475
-28.51,59.38,25.23,#FDDFCD,452,453,477
-28.51,59.19,25.23,#FDD7C2,452,477,476
-25.66,59.19,24.97,#FAECE5,453,454,478
-25.66,59.10,25.10,#FCE5D8,453,478,477
-25.66,59.38,24.98,#F8F5F4,454,455,479
-25.66,59.47,25.10,#F9EFE9,454,479,478
-25.66,59.38,25.23,#F4F5F6,455,456,480
-25.66,59.19,25.23,#F8F4F1,455,480,479
-22.81,59.19,24.97,#F1F4F6,456,457,481
-22.81,59.10,25.10,#F7F6F6,456,481,480
-22.81,59.38,24.98,#F1F4F6,457,458,482
-22.81,59.47,25.10,#F7F7F7,457,482,481
-22.81,59.38,25.23,#F5F6F7,458,459,483
-22.81,59.19,25.23,#F8F5F4,458,483,482
-22.77,55.77,24.63,#F8F4F1,459,437,461
-22.77,53.72,24.77,#F9F1ED,459,461,483
-22.77,59.80,24.70,#FCE1D1,461,460,484
-22.77,61.86,24.90,#FCE2D3,461,484,485
-22.77,59.83,25.44,#FCD4BE,460,462,486
-22.77,55.71,25.37,#FDD8C3,460,486,484
-20.70,55.77,24.63,#FAC3A8,462,463,487
-20.70,53.72,24.77,#FBC8AE,462,487,486
-20.70,59.80,24.70,#F8B596,463,464,488
-20.70,61.86,24.90,#F9BA9D,463,488,487
-20.70,59.83,25.44,#F5AB89,464,465,489
-20.70,55.71,25.37,#F7B08F,464,489,488
-18.62,55.77,24.63,#F4A583,465,466,490
-18.62,53.72,24.77,#F5A987,465,490,489
-18.62,59.80,24.70,#F4A481,466,467,491
-18.62,61.86,24.90,#F5A785,466,491,490
-18.62,59.83,25.44,#F4A481,467,468,492
-18.62,55.71,25.37,#F5A785,467,492,491
-16.55,55.77,24.63,#F4A481,468,469,493
-16.55,53.72,24.77,#F5A785,468,493,492
-16.55,59.80,24.70,#F4A481,469,470,494
-16.55,61.86,24.90,#F5A785,469,494,493
-16.55,59.83,25.44,#F4A481,470,471,495
-16.55,55.71,25.37,#F5A785,470,495,494
-14.48,55.77,24.63,#F4A481,471,472,496
-14.48,53.72,24.77,#F5A785,471,496,495
-14.48,59.80,24.70,#F4A684,472,473,497
-14.48,61.86,24.90,#F5A886,472,497,496
-14.48,59.83,25.44,#F6AD8C,473,474,498
-14.48,55.71,25.37,#F6AD8B,473,498,497
-37.06,59.28,25.10,#F8B89A,474,475,499
-14.48,57.78,25.10,#F8B697,474,499,498
-40.49,-27.33,25.53,#FBC7AE,475,476,500
-40.77,-18.93,25.53,#FAC2A7,475,500,499
-41.91,-27.32,24.80,#FDD9C4,476,477,501
-42.51,-18.92,24.80,#FCD1BB,476,501,500
-37.64,-27.35,25.43,#FCE4D6,477,478,502
-37.29,-18.95,25.43,#FDDFCD,477,502,501
-36.23,-27.36,24.60,#FBEAE1,478,479,503
-35.57,-18.96,24.60,#FBE6DA,478,503,502
-37.69,-27.35,24.52,#FAEDE6,479,480,504
-37.35,-18.95,24.52,#FBEAE0,479,504,503
-40.51,-27.33,24.94,#F9EFE9,480,481,505
-40.80,-18.93,24.94,#FAEBE3,480,505,504
-40.77,-10.53,25.53,#F9EEE8,481,482,506
-42.54,-10.52,24.80,#FAECE4,481,506,505
-37.22,-10.55,25.43,#FAEDE5,482,483,507
-35.47,-10.56,24.60,#FAEBE1,482,507,506
-37.29,-10.55,24.52,#FBE9DF,483,461,485
-40.79,-10.53,24.94,#FBE8DD,483,485,507
-40.76,-2.13,25.53,#FDDBC7,485,484,508
-42.57,-2.12,24.80,#FCD1BA,484,486,508
-37.15,-2.15,25.43,#FBC8AE,486,487,508
-35.37,-2.16,24.60,#FAC0A4,487,488,508
-37.22,-2.15,24.52,#F9BA9C,488,489,508
-40.79,-2.13,24.94,#F8B798,489,490,508
-40.75,6.27,25.53,#F8B697,490,491,508
-42.59,6.28,24.80,#F8B697,491,492,508
-37.08,6.25,25.43,#F8B697,492,493,508
-35.28,6.24,24.60,#F8B697,493,494,508
-37.16,6.25,24.52,#F8B697,494,495,508
-40.78,6.27,24.94,#F8B697,495,496,508
-40.75,14.67,25.53,#F8B798,496,497,508
-42.61,14.68,24.80,#F9BA9C,497,498,508
-37.01,14.65,25.43,#FAC0A4,498,499,508
-35.18,14.64,24.60,#FBC8AE,499,500,508
-37.09,14.65,24.52,#FCD1BA,500,501,508
-40.77,14.67,24.94,#FDDBC7,501,502,508
-40.74,23.07,25.53,#FDDFCE,502,503,508
-42.63,23.08,24.80,#FCE1D1,503,504,508
-36.94,23.05,25.43,#FCE2D2,504,505,508
-35.08,23.04,24.60,#FCE2D2,505,506,508
-37.02,23.05,24.52,#FCE1D1,506,507,508
-40.77,23.07,24.94,#FDDFCE,507,485,508
-40.73,31.47,25.53,#A8D0E4,509,26,25
-42.66,31.48,24.80,#A3CDE3,25,510,509
-36.87,31.45,25.43,#B6D7E8,511,29,26
-34.97,31.44,24.60,#AFD3E6,26,509,511
-36.95,31.45,24.52,#C3DEEC,512,31,29
-40.76,31.47,24.94,#BAD9E9,29,511,512
-40.72,39.87,25.53,#CEE3EF,513,33,31
-42.68,39.88,24.80,#C3DEEC,31,512,513
-36.80,39.85,25.43,#D4E6F1,514,35,33
-34.87,39.84,24.60,#CAE1EE,33,513,514
-36.88,39.85,24.52,#D6E7F1,515,37,35
-40.75,39.87,24.94,#CFE4EF,35,514,515
-40.71,48.27,25.53,#D7E8F1,516,39,37
-42.69,48.28,24.80,#D0E4F0,37,515,516
-37.43,48.25,25.43,#D7E8F1,517,41,39
-36.45,48.24,24.60,#D0E4F0,39,516,517
-37.47,48.25,24.52,#D7E8F1,518,43,41
-40.74,48.27,24.94,#D0E4F0,41,517,518
-40.69,56.66,25.53,#D7E8F1,519,45,43
-42.71,56.68,24.80,#D0E4F0,43,518,519
-37.37,56.65,25.43,#D7E8F1,520,47,45
-36.37,56.64,24.60,#D0E4F0,45,519,520
-37.41,56.65,24.52,#D7E8F1,521,49,47
-40.72,56.67,24.94,#D0E4F0,47,520,521
-39.07,-27.34,24.75,#D6E7F1,522,51,49
-38.69,56.65,24.75,#CFE4F0,49,521,522
-38.27,145.90,25.53,#D3E6F0,523,53,51
-37.99,137.50,25.53,#CDE3EF,51,522,523
-36.85,145.89,24.80,#CCE2EE,524,55,53
-36.24,137.49,24.80,#C7E0ED,53,523,524
-41.12,145.92,25.43,#C1DCEB,525,57,55
-41.47,137.52,25.43,#BEDBEB,55,524,525
-42.53,145.93,24.60,#B3D5E7,526,59,57
-43.19,137.53,24.60,#B4D6E8,57,525,526
-41.07,145.92,24.52,#A5CEE3,527,61,59
-41.40,137.52,24.52,#A9D0E4,59,526,527
-38.25,145.90,24.94,#9BC9E0,528,63,61
-37.96,137.50,24.94,#9ECBE1,61,527,528
-37.99,129.10,25.53,#96C7DF,529,65,63
-36.22,129.09,24.80,#9AC9E0,63,528,529
-41.54,129.12,25.43,#93C6DE,530,67,65
-43.29,129.13,24.60,#97C7DF,65,529,530
-41.47,129.12,24.52,#94C6DE,531,69,67
-37.97,129.10,24.94,#96C7DF,67,530,531
-38.00,120.70,25.53,#97C7DF,532,71,69
-36.19,120.69,24.80,#98C8E0,69,531,532
-41.61,120.72,25.43,#9CCAE1,510,25,71
-43.38,120.73,24.60,#9CCAE1,71,532,510
-41.54,120.72,24.52,#A7CFE4,1,509,510
-37.97,120.70,24.94,#A4CEE3,510,2,1
-38.01,112.30,25.53,#AFD3E6,3,511,509
-36.17,112.29,24.80,#ADD2E5,509,1,3
-41.68,112.32,25.43,#B7D7E8,4,512,511
-43.48,112.33,24.60,#B5D6E8,511,3,4
-41.60,112.32,24.52,#BEDBEA,5,513,512
-37.98,112.30,24.94,#BBDAEA,512,4,5
-38.01,103.90,25.53,#FDDBC7,533,534,535
-36.15,103.89,24.80,#FDDCC8,535,536,533
-41.75,103.92,25.43,#C5DEEC,7,515,514
-43.58,103.93,24.60,#FDDBC8,534,533,537
-41.67,103.92,24.52,#C5DFEC,8,516,515
-37.99,103.90,24.94,#C4DEEC,515,7,8
-38.02,95.50,25.53,#C5DFEC,9,517,516
-36.12,95.49,24.80,#C4DEEC,516,8,9
-41.82,95.52,25.43,#C5DFEC,10,518,517
-43.68,95.53,24.60,#C4DEEC,517,9,10
-41.74,95.52,24.52,#C5DFEC,11,519,518
-37.99,95.50,24.94,#C4DEEC,518,10,11
-38.03,87.10,25.53,#C5DFEC,12,520,519
-36.10,87.09,24.80,#C4DEEC,519,11,12
-41.89,87.12,25.43,#C5DFEC,13,521,520
-43.79,87.13,24.60,#C4DEEC,520,12,13
-41.81,87.12,24.52,#C4DEEC,14,522,521
-38.00,87.10,24.94,#C4DEEC,521,13,14
-38.04,78.70,25.53,#C1DDEB,15,523,522
-36.08,78.69,24.80,#C2DDEC,522,14,15
-41.96,78.72,25.43,#BCDAEA,16,524,523
-43.89,78.73,24.60,#BDDBEA,523,15,16
-41.88,78.72,24.52,#B5D6E8,17,525,524
-38.01,78.70,24.94,#B7D7E8,524,16,17
-38.05,70.30,25.53,#ADD2E5,18,526,525
-36.06,70.29,24.80,#AFD4E6,525,17,18
-41.33,70.32,25.43,#A4CEE3,19,527,526
-42.31,70.33,24.60,#A7CFE4,526,18,19
-41.29,70.32,24.52,#9ECBE1,20,528,527
-38.02,70.30,24.94,#A0CCE2,527,19,20
-38.07,61.91,25.53,#9BC9E1,21,529,528
-36.05,61.89,24.80,#9CCAE1,528,20,21
-41.39,61.92,25.43,#9AC9E0,22,530,529
-42.39,61.93,24.60,#9BC9E0,529,21,22
-41.35,61.92,24.52,#9AC9E0,23,531,530
-38.04,61.91,24.94,#9AC9E0,530,22,23
-39.69,145.91,24.75,#9CCAE1,24,532,531
-40.07,61.92,24.75,#9CCAE1,531,23,24
-35.10,156.10,5.20,#286DB0,538,539,540
-35.44,156.14,5.20,#2A6FB1,540,541,538
-35.35,157.18,8.29,#367FB9,207,232,205
-35.01,157.12,8.29,#68A8CF,208,235,233
-35.59,155.02,5.22,#367FB9,143,145,168
-35.69,154.72,8.37,#69A8CF,141,117,118
-35.25,154.97,5.23,#4F99C6,143,118,142
-35.35,154.67,8.37,#3E8BBF,142,144,143
-35.36,157.75,15.11,#4494C3,145,172,174
-35.02,157.69,15.11,#3D89BE,145,169,174
-35.68,155.10,15.24,#4A97C5,170,167,141
-35.34,155.05,15.25,#3E8BBF,141,168,170
-35.31,157.84,20.08,#4A97C5,144,142,173
-34.97,157.80,20.08,#3E8ABF,173,171,144
-35.73,155.37,20.25,#4895C4,171,173,172
-35.39,155.33,20.25,#3E8ABF,172,145,171
-35.32,157.47,24.68,#4393C3,209,174,169
-34.98,157.43,24.68,#3D89BE,209,205,169
-35.71,155.70,25.24,#4996C5,206,204,167
-35.37,155.66,25.25,#3E8ABF,167,170,206
-35.35,155.56,5.21,#4594C3,169,174,173
-35.35,156.82,25.16,#3E8ABF,173,171,169
-35.10,154.92,3.66,#4996C5,171,173,208
-35.44,154.87,3.66,#3E8BBF,208,207,171
-35.35,153.84,0.57,#4694C4,207,208,174
-35.01,153.89,0.57,#3D89BE,174,169,207
-35.59,156.00,3.64,#4D98C6,232,233,204
-35.69,156.30,0.50,#3E8BBF,204,206,232
-35.25,156.05,3.64,#4D98C6,207,208,233
-35.35,156.35,0.50,#3F8CC0,233,232,207
-35.36,153.27,-6.25,#4795C4,205,209,208
-35.02,153.32,-6.25,#3E8BBF,208,207,205
-35.68,155.92,-6.38,#4F99C6,168,141,118
-35.34,155.97,-6.38,#3F8CC0,118,143,168
-35.31,153.18,-11.22,#E5EEF4,534,514,513
-34.97,153.22,-11.22,#F9F0EB,513,535,534
-35.73,155.65,-11.38,#E3EEF3,535,513,5
-35.39,155.69,-11.39,#F9F1EC,5,536,535
-35.32,153.55,-15.82,#E3EDF3,536,5,6
-34.98,153.58,-15.82,#F9F1EC,6,533,536
-35.71,155.32,-16.38,#E4EEF4,533,6,7
-35.37,155.36,-16.38,#F9F0EB,7,537,533
-35.35,155.46,3.65,#E5EEF4,537,7,514
-35.35,154.20,-16.29,#F9F0EA,514,534,537
-37.72,156.09,5.44,#71AED2,538,2,510
-36.21,156.04,5.44,#3F8CBF,510,539,538
-37.72,156.66,4.45,#6EACD1,539,510,532
-36.21,156.57,4.45,#3E8BBF,532,540,539
-37.72,154.94,5.44,#6EACD1,540,532,24
-36.21,154.99,5.44,#3F8DC0,24,541,540
-37.72,154.37,4.45,#71AED2,541,24,2
-36.21,154.46,4.45,#408EC0,2,538,541
-37.72,154.94,3.46,#D96651,182,152,153
-36.21,154.99,3.46,#C7463E,153,183,182
-37.72,156.09,3.46,#D65F4D,183,153,187
-36.21,156.04,3.46,#C6443D,187,184,183
-34.71,156.00,5.44,#D7624E,184,187,181
-34.71,156.48,4.45,#C8483F,181,185,184
-34.71,155.03,5.44,#DA6853,185,181,152
-34.71,154.55,4.45,#C94A40,152,182,185
-34.71,155.03,3.46,#D96651,193,159,160
-34.71,156.00,3.46,#C94A40,160,194,193
-37.72,155.51,4.45,#DA6853,194,160,198
-34.71,155.51,4.45,#C8483F,198,195,194
,,,#D7624E,195,198,192
,,,#C6443D,192,196,195
,,,#D65F4D,196,192,159
,,,#C7463E,159,193,196
,,,#D7634F,338,313,314
,,,#C7453E,314,339,338
,,,#D6604D,339,314,343
,,,#C7463E,343,340,339
,,,#D86450,340,343,337
,,,#C94940,337,341,340
,,,#D96752,341,337,313
,,,#C8483F,313,338,341
,,,#D7634F,349,320,321
,,,#C8483F,321,350,349
,,,#D96752,350,321,354
,,,#C94940,354,351,350
,,,#D86450,351,354,348
,,,#C7463E,348,352,351
,,,#D6604D,352,348,320
,,,#C7453E,320,349,352
,,,#CE5345,542,543,544
,,,#C94A40,542,545,543
,,,#CF5446,544,546,547
,,,#CB4D42,544,543,546
,,,#CD5144,547,548,549
,,,#CA4B41,547,546,548
,,,#CB4D42,549,550,551
,,,#C7463E,549,548,550
,,,#CA4C41,551,552,553
,,,#C5433C,551,550,552
,,,#CC4F43,553,545,542
,,,#C6453D,553,552,545
,,,#C33E3A,545,554,543
,,,#BE3636,545,555,554
,,,#C4403B,543,556,546
,,,#C13A38,543,554,556
,,,#C13B39,546,557,548
,,,#BF3837,546,556,557
,,,#BE3536,548,558,550
,,,#BC3034,548,557,558
,,,#BD3235,550,559,552
,,,#B92B32,550,558,559
,,,#BF3737,552,555,545
,,,#BB2E33,552,559,555
,,,#BC3033,555,560,554
,,,#B92B31,555,561,560
,,,#BD3335,554,562,556
,,,#BC3134,554,560,562
,,,#BA2D32,556,563,557
,,,#BA2E32,556,562,563
,,,#B6242F,557,564,558
,,,#B6242F,557,563,564
,,,#B5202E,558,565,559
,,,#B41D2D,558,564,565
,,,#B82730,559,561,555
,,,#B5212E,559,565,561
,,,#BA2C32,561,566,560
,,,#B82930,561,567,566
,,,#BB2F33,560,568,562
,,,#BB2F33,560,566,568
,,,#B82830,562,569,563
,,,#BA2C32,562,568,569
,,,#B41D2D,563,570,564
,,,#B5212E,563,569,570
,,,#B2192B,564,571,565
,,,#B2192B,564,570,571
,,,#B5222E,565,567,561
,,,#B41D2D,565,571,567
,,,#BA2C32,567,572,566
,,,#B82930,567,573,572
,,,#BB2F33,566,574,568
,,,#BB2F33,566,572,574
,,,#B82930,568,575,569
,,,#BA2C32,568,574,575
,,,#B41D2C,569,576,570
,,,#B5212E,569,575,576
,,,#B2182B,570,577,571
,,,#B2182B,570,576,577
,,,#B5212E,571,573,567
,,,#B41D2C,571,577,573
,,,#BA2C32,573,578,572
,,,#B82930,573,579,578
,,,#BB2F33,572,580,574
,,,#BB2F33,572,578,580
,,,#B82930,574,581,575
,,,#BA2C32,574,580,581
,,,#B41D2C,575,582,576
,,,#B5212E,575,581,582
,,,#B2182B,576,583,577
,,,#B2182B,576,582,583
,,,#B5212E,577,579,573
,,,#B41D2C,577,583,579
,,,#BA2C32,579,584,578
,,,#B82930,579,585,584
,,,#BB2F33,578,586,580
,,,#BB2F33,578,584,586
,,,#B82930,580,587,581
,,,#BA2C32,580,586,587
,,,#B41D2C,581,588,582
,,,#B5212E,581,587,588
,,,#B2182B,582,589,583
,,,#B2182B,582,588,589
,,,#B5212E,583,585,579
,,,#B41D2C,583,589,585
,,,#BA2C32,585,590,584
,,,#B82930,585,591,590
,,,#BB2F33,584,592,586
,,,#BB2F33,584,590,592
,,,#B82930,586,593,587
,,,#BA2C32,586,592,593
,,,#B41D2C,587,594,588
,,,#B5212E,587,593,594
,,,#B2182B,588,595,589
,,,#B2182B,588,594,595
,,,#B5212E,589,591,585
,,,#B41D2C,589,595,591
,,,#BA2C32,591,596,590
,,,#B82930,591,597,596
,,,#BB2F33,590,598,592
,,,#BB2F33,590,596,598
,,,#B82930,592,599,593
,,,#BA2C32,592,598,599
,,,#B41D2C,593,600,594
,,,#B5212E,593,599,600
,,,#B2182B,594,601,595
,,,#B2182B,594,600,601
,,,#B5212E,595,597,591
,,,#B41D2C,595,601,597
,,,#BA2C32,597,602,596
,,,#B82930,597,603,602
,,,#BB2F33,596,604,598
,,,#BB2F33,596,602,604
,,,#B82930,598,605,599
,,,#BA2C32,598,604,605
,,,#B41D2C,599,606,600
,,,#B5212E,599,605,606
,,,#B2182B,600,607,601
,,,#B2182B,600,606,607
,,,#B5212E,601,603,597
,,,#B41D2C,601,607,603
,,,#D25949,544,608,542
,,,#D35B4A,547,608,544
,,,#D25949,549,608,547
,,,#D15748,551,608,549
,,,#D05647,553,608,551
,,,#D15748,542,608,553
,,,#B82930,603,609,602
,,,#BA2C32,602,609,604
,,,#B82930,604,609,605
,,,#B5212E,605,609,606
,,,#B41D2C,606,609,607
,,,#B5212E,607,609,603
,,,#CE5345,610,611,612
,,,#C94A40,611,613,612
,,,#CF5446,614,615,610
,,,#CB4D42,615,611,610
,,,#CD5144,616,617,614
,,,#CA4B41,617,615,614
,,,#CB4D42,618,619,616
,,,#C7463E,619,617,616
,,,#CA4C41,620,621,618
,,,#C5433C,621,619,618
,,,#CC4F43,612,613,620
,,,#C6453D,613,621,620
,,,#C33E3A,611,622,613
,,,#BE3636,622,623,613
,,,#C4403B,615,624,611
,,,#C13A38,624,622,611
,,,#C13B39,617,625,615
,,,#BF3837,625,624,615
,,,#BE3536,619,626,617
,,,#BC3034,626,625,617
,,,#BD3235,621,627,619
,,,#B92B32,627,626,619
,,,#BF3737,613,623,621
,,,#BB2E33,623,627,621
,,,#BC3033,622,628,623
,,,#B92B31,628,629,623
,,,#BD3335,624,630,622
,,,#BC3134,630,628,622
,,,#BA2D32,625,631,624
,,,#BA2E32,631,630,624
,,,#B6242F,626,632,625
,,,#B6242F,632,631,625
,,,#B5202E,627,633,626
,,,#B41D2D,633,632,626
,,,#B82730,623,629,627
,,,#B5212E,629,633,627
,,,#BA2C32,628,634,629
,,,#B82930,634,635,629
,,,#BB2F33,630,636,628
,,,#BB2F33,636,634,628
,,,#B82830,631,637,630
,,,#BA2C32,637,636,630
,,,#B41D2D,632,638,631
,,,#B5212E,638,637,631
,,,#B2192B,633,639,632
,,,#B2192B,639,638,632
,,,#B5222E,629,635,633
,,,#B41D2D,635,639,633
,,,#BA2C32,634,640,635
,,,#B82930,640,641,635
,,,#BB2F33,636,642,634
,,,#BB2F33,642,640,634
,,,#B82930,637,643,636
,,,#BA2C32,643,642,636
,,,#B41D2C,638,644,637
,,,#B5212E,644,643,637
,,,#B2182B,639,645,638
,,,#B2182B,645,644,638
,,,#B5212E,635,641,639
,,,#B41D2C,641,645,639
,,,#BA2C32,640,646,641
,,,#B82930,646,647,641
,,,#BB2F33,642,648,640
,,,#BB2F33,648,646,640
,,,#B82930,643,649,642
,,,#BA2C32,649,648,642
,,,#B41D2C,644,650,643
,,,#B5212E,650,649,643
,,,#B2182B,645,651,644
,,,#B2182B,651,650,644
,,,#B5212E,641,647,645
,,,#B41D2C,647,651,645
,,,#BA2C32,646,652,647
,,,#B82930,652,653,647
,,,#BB2F33,648,654,646
,,,#BB2F33,654,652,646
,,,#B82930,649,655,648
,,,#BA2C32,655,654,648
,,,#B41D2C,650,656,649
,,,#B5212E,656,655,649
,,,#B2182B,651,657,650
,,,#B2182B,657,656,650
,,,#B5212E,647,653,651
,,,#B41D2C,653,657,651
,,,#BA2C32,652,658,653
,,,#B82930,658,659,653
,,,#BB2F33,654,660,652
,,,#BB2F33,660,658,652
,,,#B82930,655,661,654
,,,#BA2C32,661,660,654
,,,#B41D2C,656,662,655
,,,#B5212E,662,661,655
,,,#B2182B,657,663,656
,,,#B2182B,663,662,656
,,,#B5212E,653,659,657
,,,#B41D2C,659,663,657
,,,#BA2C32,658,664,659
,,,#B82930,664,665,659
,,,#BB2F33,660,666,658
,,,#BB2F33,666,664,658
,,,#B82930,661,667,660
,,,#BA2C32,667,666,660
,,,#B41D2C,662,668,661
,,,#B5212E,668,667,661
,,,#B2182B,663,669,662
,,,#B2182B,669,668,662
,,,#B5212E,659,665,663
,,,#B41D2C,665,669,663
,,,#BA2C32,664,670,665
,,,#B82930,670,671,665
,,,#BB2F33,666,672,664
,,,#BB2F33,672,670,664
,,,#B82930,667,673,666
,,,#BA2C32,673,672,666
,,,#B41D2C,668,674,667
,,,#B5212E,674,673,667
,,,#B2182B,669,675,668
,,,#B2182B,675,674,668
,,,#B5212E,665,671,669
,,,#B41D2C,671,675,669
,,,#D25949,612,676,610
,,,#D35B4A,610,676,614
,,,#D25949,614,676,616
,,,#D15748,616,676,618
,,,#D05647,618,676,620
,,,#D15748,620,676,612
,,,#B82930,670,677,671
,,,#BA2C32,672,677,670
,,,#B82930,673,677,672
,,,#B5212E,674,677,673
,,,#B41D2C,675,677,674
,,,#B5212E,671,677,675
,,,#3780BA,678,679,680
,,,#367FB9,678,680,681
,,,#3780BA,679,682,683
,,,#367FB9,679,683,680
,,,#3780BA,682,684,685
,,,#367FB9,682,685,683
,,,#3780BA,684,686,687
,,,#367FB9,684,687,685
,,,#3780BA,686,688,689
,,,#367FB9,686,689,687
,,,#3780BA,688,678,681
,,,#367FB9,688,681,689
,,,#337AB7,681,680,690
,,,#3077B5,681,690,691
,,,#337AB7,680,683,692
,,,#3077B5,680,692,690
,,,#337AB7,683,685,693
,,,#3077B5,683,693,692
,,,#337AB7,685,687,694
,,,#3077B5,685,694,693
,,,#337AB7,687,689,695
,,,#3077B5,687,695,694
,,,#337AB7,689,681,691
,,,#3077B5,689,691,695
,,,#2D73B3,691,690,696
,,,#2D72B3,691,696,697
,,,#2D73B3,690,692,698
,,,#2D72B3,690,698,696
,,,#2D73B3,692,693,699
,,,#2D72B3,692,699,698
,,,#2D73B3,693,694,700
,,,#2D72B3,693,700,699
,,,#2D73B3,694,695,701
,,,#2D72B3,694,701,700
,,,#2D73B3,695,691,697
,,,#2D72B3,695,697,701
,,,#2B71B2,697,696,702
,,,#2A70B1,697,702,703
,,,#2B71B2,696,698,704
,,,#2A70B1,696,704,702
,,,#2B71B2,698,699,705
,,,#2A70B1,698,705,704
,,,#2B71B2,699,700,706
,,,#2A70B1,699,706,705
,,,#2B71B2,700,701,707
,,,#2A70B1,700,707,706
,,,#2B71B2,701,697,703
,,,#2A70B1,701,703,707
,,,#296FB1,703,702,708
,,,#296EB0,703,708,709
,,,#296EB0,702,704,710
,,,#286EB0,702,710,708
,,,#296FB1,704,705,711
,,,#286EB0,704,711,710
,,,#296FB1,705,706,712
,,,#296EB0,705,712,711
,,,#296EB0,706,707,713
,,,#286EB0,706,713,712
,,,#296FB1,707,703,709
,,,#286EB0,707,709,713
,,,#266BAF,714,715,716
,,,#2469AD,714,716,717
,,,#266BAF,708,710,718
,,,#2469AE,708,718,719
,,,#266BAE,710,711,720
,,,#2469AD,710,720,718
,,,#266BAF,721,722,723
,,,#2469AD,721,723,724
,,,#266BAF,712,713,725
,,,#2469AE,712,725,726
,,,#266BAE,713,709,727
,,,#2469AD,713,727,725
,,,#3882BA,679,678,728
,,,#3882BA,682,679,728
,,,#3882BA,684,682,728
,,,#3882BA,686,684,728
,,,#3882BA,688,686,728
,,,#3882BA,678,688,728
,,,#2267AC,727,719,729
,,,#2267AD,719,718,729
,,,#2267AD,718,720,729
,,,#2267AC,720,726,729
,,,#2267AD,726,725,729
,,,#2267AD,725,727,729
,,,#296EB0,714,709,708
,,,#296EB0,708,715,714
,,,#266BAF,715,708,719
,,,#2469AD,719,716,715
,,,#2166AC,716,719,727
,,,#2166AC,727,717,716
,,,#2469AD,717,727,709
,,,#266BAF,709,714,717
,,,#296EB0,721,711,712
,,,#296EB0,712,722,721
,,,#266BAF,722,712,726
,,,#2469AD,726,723,722
,,,#2166AC,723,726,720
,,,#2166AC,720,724,723
,,,#2469AD,724,720,711
,,,#266BAF,711,721,724
,,,#256AAE,730,731,732
,,,#256AAE,730,732,733
,,,#256AAE,731,734,735
,,,#256AAE,731,735,732
,,,#256AAE,734,736,737
,,,#256AAE,734,737,735
,,,#2469AE,736,738,739
,,,#2469AE,736,739,737
,,,#2469AD,738,740,741
,,,#2469AD,738,741,739
,,,#2469AE,740,730,733
,,,#2469AE,740,733,741
,,,#256AAE,733,732,742
,,,#256AAE,733,742,743
,,,#256AAE,732,735,744
,,,#256AAE,732,744,742
,,,#256AAE,735,737,745
,,,#256AAE,735,745,744
,,,#2469AE,737,739,746
,,,#2469AE,737,746,745
,,,#2469AD,739,741,747
,,,#2469AD,739,747,746
,,,#2469AE,741,733,743
,,,#2469AE,741,743,747
,,,#256AAE,743,742,748
,,,#256AAE,743,748,749
,,,#256AAE,742,744,750
,,,#256AAE,742,750,748
,,,#256AAE,744,745,751
,,,#256AAE,744,751,750
,,,#2469AE,745,746,752
,,,#2469AE,745,752,751
,,,#2469AD,746,747,753
,,,#2469AD,746,753,752
,,,#2469AE,747,743,749
,,,#2469AE,747,749,753
,,,#256AAE,749,748,754
,,,#256AAE,749,754,755
,,,#256AAE,748,750,756
,,,#256AAE,748,756,754
,,,#256AAE,750,751,757
,,,#256AAE,750,757,756
,,,#2469AE,751,752,758
,,,#2469AE,751,758,757
,,,#2469AD,752,753,759
,,,#2469AD,752,759,758
,,,#2469AE,753,749,755
,,,#2469AE,753,755,759
,,,#256AAE,755,754,760
,,,#256AAE,755,760,761
,,,#256AAE,754,756,762
,,,#256AAE,754,762,760
,,,#256AAE,756,757,763
,,,#256AAE,756,763,762
,,,#2469AE,757,758,764
,,,#2469AE,757,764,763
,,,#2469AD,758,759,765
,,,#2469AD,758,765,764
,,,#2469AE,759,755,761
,,,#2469AE,759,761,765
,,,#256AAE,761,760,766
,,,#266BAE,761,766,767
,,,#256AAE,760,762,768
,,,#266BAF,760,768,766
,,,#256AAE,762,763,769
,,,#266BAE,762,769,768
,,,#2469AD,763,764,770
,,,#2469AE,763,770,769
,,,#2468AD,764,765,771
,,,#2368AD,764,771,770
,,,#256AAE,765,761,767
,,,#2469AE,765,767,771
,,,#266BAF,767,766,772
,,,#266BAF,767,772,773
,,,#266BAF,766,768,774
,,,#276CAF,766,774,772
,,,#266BAE,768,769,775
,,,#266BAF,768,775,774
,,,#2469AD,769,770,776
,,,#2569AE,769,776,775
,,,#2368AD,770,771,777
,,,#2368AD,770,777,776
,,,#256AAE,771,767,773
,,,#2469AE,771,773,777
,,,#266BAF,773,772,778
,,,#266BAF,773,778,779
,,,#266BAF,772,774,780
,,,#276CAF,772,780,778
,,,#266BAE,774,775,781
,,,#266BAF,774,781,780
,,,#2469AD,775,776,782
,,,#2569AE,775,782,781
,,,#2368AD,776,777,783
,,,#2368AD,776,783,782
,,,#256AAE,777,773,779
,,,#2469AE,777,779,783
,,,#266BAF,779,778,784
,,,#266BAF,779,784,785
,,,#266BAF,778,780,786
,,,#276CAF,778,786,784
,,,#266BAE,780,781,787
,,,#266BAF,780,787,786
,,,#2469AD,781,782,788
,,,#2569AE,781,788,787
,,,#2368AD,782,783,789
,,,#2368AD,782,789,788
,,,#256AAE,783,779,785
,,,#2469AE,783,785,789
,,,#266BAF,785,784,790
,,,#266BAF,785,790,791
,,,#266BAF,784,786,792
,,,#276CAF,784,792,790
,,,#266BAE,786,787,793
,,,#266BAF,786,793,792
,,,#2469AD,787,788,794
,,,#2569AE,787,794,793
,,,#2368AD,788,789,795
,,,#2368AD,788,795,794
,,,#256AAE,789,785,791
,,,#2469AE,789,791,795
,,,#256AAE,731,730,796
,,,#256AAE,734,731,796
,,,#256AAE,736,734,796
,,,#2469AE,738,736,796
,,,#2469AE,740,738,796
,,,#2469AE,730,740,796
,,,#266BAE,791,790,797
,,,#266BAE,790,792,797
,,,#256AAE,792,793,797
,,,#2469AE,793,794,797
,,,#2368AD,794,795,797
,,,#2469AE,795,791,797
,,,#256AAE,798,799,800
,,,#256AAE,798,800,801
,,,#256AAE,799,802,803
,,,#256AAE,799,803,800
,,,#256AAE,802,804,805
,,,#256AAE,802,805,803
,,,#2469AE,804,806,807
,,,#2469AE,804,807,805
,,,#2469AD,806,808,809
,,,#2469AD,806,809,807
,,,#2469AE,808,798,801
,,,#2469AE,808,801,809
,,,#256AAE,801,800,810
,,,#256AAE,801,810,811
,,,#256AAE,800,803,812
,,,#256AAE,800,812,810
,,,#256AAE,803,805,813
,,,#256AAE,803,813,812
,,,#2469AE,805,807,814
,,,#2469AE,805,814,813
,,,#2469AD,807,809,815
,,,#2469AD,807,815,814
,,,#2469AE,809,801,811
,,,#2469AE,809,811,815
,,,#256AAE,811,810,816
,,,#256AAE,811,816,817
,,,#256AAE,810,812,818
,,,#256AAE,810,818,816
,,,#256AAE,812,813,819
,,,#256AAE,812,819,818
,,,#2469AE,813,814,820
,,,#2469AE,813,820,819
,,,#2469AD,814,815,821
,,,#2469AD,814,821,820
,,,#2469AE,815,811,817
,,,#2469AE,815,817,821
,,,#256AAE,817,816,822
,,,#256AAE,817,822,823
,,,#256AAE,816,818,824
,,,#256AAE,816,824,822
,,,#256AAE,818,819,825
,,,#256AAE,818,825,824
,,,#2469AE,819,820,826
,,,#2469AE,819,826,825
,,,#2469AD,820,821,827
,,,#2469AD,820,827,826
,,,#2469AE,821,817,823
,,,#2469AE,821,823,827
,,,#256AAE,823,822,828
,,,#256AAE,823,828,829
,,,#256AAE,822,824,830
,,,#256AAE,822,830,828
,,,#256AAE,824,825,831
,,,#256AAE,824,831,830
,,,#2469AE,825,826,832
,,,#2469AE,825,832,831
,,,#2469AD,826,827,833
,,,#2469AD,826,833,832
,,,#2469AE,827,823,829
,,,#2469AE,827,829,833
,,,#256AAE,829,828,834
,,,#266BAE,829,834,835
,,,#256AAE,828,830,836
,,,#266BAF,828,836,834
,,,#256AAE,830,831,837
,,,#266BAE,830,837,836
,,,#2469AD,831,832,838
,,,#2469AE,831,838,837
,,,#2468AD,832,833,839
,,,#2368AD,832,839,838
,,,#256AAE,833,829,835
,,,#2469AE,833,835,839
,,,#266BAF,835,834,840
,,,#266BAF,835,840,841
,,,#266BAF,834,836,842
,,,#276CAF,834,842,840
,,,#266BAE,836,837,843
,,,#266BAF,836,843,842
,,,#2469AD,837,838,844
,,,#2569AE,837,844,843
,,,#2368AD,838,839,845
,,,#2368AD,838,845,844
,,,#256AAE,839,835,841
,,,#2469AE,839,841,845
,,,#266BAF,841,840,846
,,,#266BAF,841,846,847
,,,#266BAF,840,842,848
,,,#276CAF,840,848,846
,,,#266BAE,842,843,849
,,,#266BAF,842,849,848
,,,#2469AD,843,844,850
,,,#2569AE,843,850,849
,,,#2368AD,844,845,851
,,,#2368AD,844,851,850
,,,#256AAE,845,841,847
,,,#2469AE,845,847,851
,,,#266BAF,847,846,852
,,,#266BAF,847,852,853
,,,#266BAF,846,848,854
,,,#276CAF,846,854,852
,,,#266BAE,848,849,855
,,,#266BAF,848,855,854
,,,#2469AD,849,850,856
,,,#2569AE,849,856,855
,,,#2368AD,850,851,857
,,,#2368AD,850,857,856
,,,#256AAE,851,847,853
,,,#2469AE,851,853,857
,,,#266BAF,853,852,858
,,,#266BAF,853,858,859
,,,#266BAF,852,854,860
,,,#276CAF,852,860,858
,,,#266BAE,854,855,861
,,,#266BAF,854,861,860
,,,#2469AD,855,856,862
,,,#2569AE,855,862,861
,,,#2368AD,856,857,863
,,,#2368AD,856,863,862
,,,#256AAE,857,853,859
,,,#2469AE,857,859,863
,,,#256AAE,799,798,864
,,,#256AAE,802,799,864
,,,#256AAE,804,802,864
,,,#2469AE,806,804,864
,,,#2469AE,808,806,864
,,,#2469AE,798,808,864
,,,#266BAE,859,858,865
,,,#266BAE,858,860,865
,,,#256AAE,860,861,865
,,,#2469AE,861,862,865
,,,#2368AD,862,863,865
,,,#2469AE,863,859,865
,,,#2368AD,866,867,868
,,,#256AAE,867,869,868
,,,#2368AD,870,871,866
,,,#2267AD,871,867,866
,,,#256AAE,872,873,870
,,,#2469AE,873,871,870
,,,#276CAF,874,875,872
,,,#276CAF,875,873,872
,,,#266BAF,876,877,874
,,,#266BAF,877,875,874
,,,#266BAE,868,869,876
,,,#256AAE,869,877,876
,,,#2368AD,867,878,869
,,,#256AAE,878,879,869
,,,#2368AD,871,880,867
,,,#2267AD,880,878,867
,,,#256AAE,873,881,871
,,,#2469AE,881,880,871
,,,#276CAF,875,882,873
,,,#276CAF,882,881,873
,,,#266BAF,877,883,875
,,,#266BAF,883,882,875
,,,#266BAE,869,879,877
,,,#256AAE,879,883,877
,,,#2368AD,878,884,879
,,,#256AAE,884,885,879
,,,#2368AD,880,886,878
,,,#2267AD,886,884,878
,,,#256AAE,881,887,880
,,,#2469AE,887,886,880
,,,#276CAF,882,888,881
,,,#276CAF,888,887,881
,,,#266BAF,883,889,882
,,,#266BAF,889,888,882
,,,#266BAE,879,885,883
,,,#256AAE,885,889,883
,,,#2368AD,884,890,885
,,,#256AAE,890,891,885
,,,#2368AD,886,892,884
,,,#2267AD,892,890,884
,,,#256AAE,887,893,886
,,,#2469AE,893,892,886
,,,#276CAF,888,894,887
,,,#276CAF,894,893,887
,,,#266BAF,889,895,888
,,,#266BAF,895,894,888
,,,#266BAE,885,891,889
,,,#256AAE,891,895,889
,,,#2368AD,890,896,891
,,,#256AAE,896,897,891
,,,#2368AD,892,898,890
,,,#2267AD,898,896,890
,,,#256AAE,893,899,892
,,,#2469AE,899,898,892
,,,#276CAF,894,900,893
,,,#276CAF,900,899,893
,,,#266BAF,895,901,894
,,,#266BAF,901,900,894
,,,#266BAE,891,897,895
,,,#256AAE,897,901,895
,,,#2368AD,896,902,897
,,,#256AAE,902,903,897
,,,#2368AD,898,904,896
,,,#2267AD,904,902,896
,,,#256AAE,899,905,898
,,,#2469AE,905,904,898
,,,#276CAF,900,906,899
,,,#276CAF,906,905,899
,,,#266BAF,901,907,900
,,,#266BAF,907,906,900
,,,#266BAE,897,903,901
,,,#256AAE,903,907,901
,,,#2368AD,902,908,903
,,,#256AAE,908,909,903
,,,#2368AD,904,910,902
,,,#2267AD,910,908,902
,,,#256AAE,905,911,904
,,,#2469AE,911,910,904
,,,#276CAF,906,912,905
,,,#276CAF,912,911,905
,,,#266BAF,907,913,906
,,,#266BAF,913,912,906
,,,#266BAE,903,909,907
,,,#256AAE,909,913,907
,,,#2368AD,908,914,909
,,,#256AAE,914,915,909
,,,#2368AD,910,916,908
,,,#2267AD,916,914,908
,,,#256AAE,911,917,910
,,,#2469AE,917,916,910
,,,#276CAF,912,918,911
,,,#276CAF,918,917,911
,,,#266BAF,913,919,912
,,,#266BAF,919,918,912
,,,#266BAE,909,915,913
,,,#256AAE,915,919,913
,,,#2368AD,914,920,915
,,,#256AAE,920,921,915
,,,#2368AD,916,922,914
,,,#2267AD,922,920,914
,,,#256AAE,917,923,916
,,,#2469AE,923,922,916
,,,#276CAF,918,924,917
,,,#276CAF,924,923,917
,,,#266BAF,919,925,918
,,,#266BAF,925,924,918
,,,#266BAE,915,921,919
,,,#256AAE,921,925,919
,,,#2368AD,920,926,921
,,,#256AAE,926,927,921
,,,#2368AD,922,928,920
,,,#2267AD,928,926,920
,,,#256AAE,923,929,922
,,,#2469AE,929,928,922
,,,#276CAF,924,930,923
,,,#276CAF,930,929,923
,,,#266BAF,925,931,924
,,,#266BAF,931,930,924
,,,#266BAE,921,927,925
,,,#256AAE,927,931,925
,,,#256AAE,868,932,866
,,,#2469AD,866,932,870
,,,#256AAE,870,932,872
,,,#276CAF,872,932,874
,,,#266BAF,874,932,876
,,,#266BAE,876,932,868
,,,#256AAE,926,933,927
,,,#2469AD,928,933,926
,,,#256AAE,929,933,928
,,,#276CAF,930,933,929
,,,#266BAF,931,933,930
,,,#266BAE,927,933,931
,,,#2368AD,934,935,936
,,,#256AAE,935,937,936
,,,#2368AD,938,939,934
,,,#2267AD,939,935,934
,,,#256AAE,940,941,938
,,,#2469AE,941,939,938
,,,#276CAF,942,943,940
,,,#276CAF,943,941,940
,,,#266BAF,944,945,942
,,,#266BAF,945,943,942
,,,#266BAE,936,937,944
,,,#256AAE,937,945,944
,,,#2368AD,935,946,937
,,,#256AAE,946,947,937
,,,#2368AD,939,948,935
,,,#2267AD,948,946,935
,,,#256AAE,941,949,939
,,,#2469AE,949,948,939
,,,#276CAF,943,950,941
,,,#276CAF,950,949,941
,,,#266BAF,945,951,943
,,,#266BAF,951,950,943
,,,#266BAE,937,947,945
,,,#256AAE,947,951,945
,,,#2368AD,946,952,947
,,,#256AAE,952,953,947
,,,#2368AD,948,954,946
,,,#2267AD,954,952,946
,,,#256AAE,949,955,948
,,,#2469AE,955,954,948
,,,#276CAF,950,956,949
,,,#276CAF,956,955,949
,,,#266BAF,951,957,950
,,,#266BAF,957,956,950
,,,#266BAE,947,953,951
,,,#256AAE,953,957,951
,,,#2368AD,952,958,953
,,,#256AAE,958,959,953
,,,#2368AD,954,960,952
,,,#2267AD,960,958,952
,,,#256AAE,955,961,954
,,,#2469AE,961,960,954
,,,#276CAF,956,962,955
,,,#276CAF,962,961,955
,,,#266BAF,957,963,956
,,,#266BAF,963,962,956
,,,#266BAE,953,959,957
,,,#256AAE,959,963,957
,,,#2368AD,958,964,959
,,,#256AAE,964,965,959
,,,#2368AD,960,966,958
,,,#2267AD,966,964,958
,,,#256AAE,961,967,960
,,,#2469AE,967,966,960
,,,#276CAF,962,968,961
,,,#276CAF,968,967,961
,,,#266BAF,963,969,962
,,,#266BAF,969,968,962
,,,#266BAE,959,965,963
,,,#256AAE,965,969,963
,,,#2368AD,964,970,965
,,,#256AAE,970,971,965
,,,#2368AD,966,972,964
,,,#2267AD,972,970,964
,,,#256AAE,967,973,966
,,,#2469AE,973,972,966
,,,#276CAF,968,974,967
,,,#276CAF,974,973,967
,,,#266BAF,969,975,968
,,,#266BAF,975,974,968
,,,#266BAE,965,971,969
,,,#256AAE,971,975,969
,,,#2368AD,970,976,971
,,,#256AAE,976,977,971
,,,#2368AD,972,978,970
,,,#2267AD,978,976,970
,,,#256AAE,973,979,972
,,,#2469AE,979,978,972
,,,#276CAF,974,980,973
,,,#276CAF,980,979,973
,,,#266BAF,975,981,974
,,,#266BAF,981,980,974
,,,#266BAE,971,977,975
,,,#256AAE,977,981,975
,,,#2368AD,976,982,977
,,,#256AAE,982,983,977
,,,#2368AD,978,984,976
,,,#2267AD,984,982,976
,,,#256AAE,979,985,978
,,,#2469AE,985,984,978
,,,#276CAF,980,986,979
,,,#276CAF,986,985,979
,,,#266BAF,981,987,980
,,,#266BAF,987,986,980
,,,#266BAE,977,983,981
,,,#256AAE,983,987,981
,,,#2368AD,982,988,983
,,,#256AAE,988,989,983
,,,#2368AD,984,990,982
,,,#2267AD,990,988,982
,,,#256AAE,985,991,984
,,,#2469AE,991,990,984
,,,#276CAF,986,992,985
,,,#276CAF,992,991,985
,,,#266BAF,987,993,986
,,,#266BAF,993,992,986
,,,#266BAE,983,989,987
,,,#256AAE,989,993,987
,,,#2368AD,988,994,989
,,,#256AAE,994,995,989
,,,#2368AD,990,996,988
,,,#2267AD,996,994,988
,,,#256AAE,991,997,990
,,,#2469AE,997,996,990
,,,#276CAF,992,998,991
,,,#276CAF,998,997,991
,,,#266BAF,993,999,992
,,,#266BAF,999,998,992
,,,#266BAE,989,995,993
,,,#256AAE,995,999,993
,,,#256AAE,936,1000,934
,,,#2469AD,934,1000,938
,,,#256AAE,938,1000,940
,,,#276CAF,940,1000,942
,,,#266BAF,942,1000,944
,,,#266BAE,944,1000,936
,,,#256AAE,994,1001,995
,,,#2469AD,996,1001,994
,,,#256AAE,997,1001,996
,,,#276CAF,998,1001,997
,,,#266BAF,999,1001,998
,,,#266BAE,995,1001,999
,,,#9FCBE2,1002,1003,1004
,,,#98C8E0,1002,1004,1005
,,,#9FCBE2,1003,1006,1007
,,,#98C8E0,1003,1007,1004
,,,#9FCBE2,1006,1008,1009
,,,#97C8DF,1006,1009,1007
,,,#9FCBE2,1008,1002,1005
,,,#98C8E0,1008,1005,1009
,,,#7EB6D6,1005,1004,1010
,,,#6BAACF,1005,1010,1011
,,,#7DB6D6,1004,1007,1012
,,,#6AA9CF,1004,1012,1010
,,,#7DB6D6,1007,1009,1013
,,,#6AA9CF,1007,1013,1012
,,,#7EB6D6,1009,1005,1011
,,,#6AA9CF,1009,1011,1013
,,,#4594C3,1011,1010,1014
,,,#3E8BBF,1011,1014,1015
,,,#4393C3,1010,1012,1016
,,,#3E8BBF,1010,1016,1014
,,,#4393C3,1012,1013,1017
,,,#3E8ABF,1012,1017,1016
,,,#4494C3,1013,1011,1015
,,,#3E8BBF,1013,1015,1017
,,,#337BB7,1015,1014,1018
,,,#2D73B3,1015,1018,1019
,,,#327AB6,1014,1016,1020
,,,#2C72B2,1014,1020,1018
,,,#3279B6,1016,1017,1021
,,,#2B71B2,1016,1021,1020
,,,#337AB7,1017,1015,1019
,,,#2C72B2,1017,1019,1021
,,,#A7CFE4,1003,1002,1022
,,,#A7CFE4,1006,1003,1022
,,,#A7CFE4,1008,1006,1022
,,,#A7CFE4,1002,1008,1022
,,,#266BAE,1019,1018,1023
,,,#256AAE,1018,1020,1023
,,,#2469AD,1020,1021,1023
,,,#256AAE,1021,1019,1023
,,,#B9D8E9,1024,1025,1026
,,,#C0DCEB,1024,1026,1027
,,,#B9D9E9,1025,1028,1029
,,,#C0DCEB,1025,1029,1026
,,,#B9D9E9,1028,1030,1031
,,,#C1DCEB,1028,1031,1029
,,,#B9D8E9,1030,1024,1027
,,,#C1DCEB,1030,1027,1031
,,,#D5E7F1,1027,1026,1032
,,,#DFEBF3,1027,1032,1033
,,,#D5E7F1,1026,1029,1034
,,,#DFEBF3,1026,1034,1032
,,,#D5E7F1,1029,1031,1035
,,,#DFECF3,1029,1035,1034
,,,#D5E7F1,1031,1027,1033
,,,#DFECF3,1031,1033,1035
,,,#EFF3F6,1033,1032,1036
,,,#F6F7F7,1033,1036,1037
,,,#F0F4F6,1032,1034,1038
,,,#F7F7F7,1032,1038,1036
,,,#F0F4F6,1034,1035,1039
,,,#F7F7F7,1034,1039,1038
,,,#F0F3F6,1035,1033,1037
,,,#F7F7F7,1035,1037,1039
,,,#FAEDE6,1037,1036,1040
,,,#FBE8DE,1037,1040,1041
,,,#FAEDE5,1036,1038,1042
,,,#FBE8DD,1036,1042,1040
,,,#FAECE5,1038,1039,1043
,,,#FBE7DC,1038,1043,1042
,,,#FAEDE6,1039,1037,1041
,,,#FBE8DD,1039,1041,1043
,,,#B2D5E7,1025,1024,1044
,,,#B2D5E7,1028,1025,1044
,,,#B2D5E7,1030,1028,1044
,,,#B2D5E7,1024,1030,1044
,,,#FCE3D5,1041,1040,1045
,,,#FCE2D4,1040,1042,1045
,,,#FCE2D3,1042,1043,1045
,,,#FCE2D4,1043,1041,1045
,,,#A8D0E4,1046,1047,1048
,,,#AAD1E5,1047,1049,1048
,,,#A5CEE3,1050,1051,1046
,,,#A5CEE3,1051,1047,1046
,,,#AAD1E5,1052,1053,1050
,,,#A8D0E4,1053,1051,1050
,,,#B1D4E7,1054,1055,1052
,,,#AFD3E6,1055,1053,1052
,,,#B3D5E7,1056,1057,1054
,,,#B3D5E7,1057,1055,1054
,,,#AFD3E6,1048,1049,1056
,,,#B1D4E7,1049,1057,1056
,,,#A8D0E4,1047,1058,1049
,,,#AAD1E5,1058,1059,1049
,,,#A5CEE3,1051,1060,1047
,,,#A5CEE3,1060,1058,1047
,,,#AAD1E5,1053,1061,1051
,,,#A8D0E4,1061,1060,1051
,,,#B1D4E7,1055,1062,1053
,,,#AFD3E6,1062,1061,1053
,,,#B3D5E7,1057,1063,1055
,,,#B3D5E7,1063,1062,1055
,,,#AFD3E6,1049,1059,1057
,,,#B1D4E7,1059,1063,1057
,,,#AAD1E5,1048,1064,1046
,,,#A8D0E4,1046,1064,1050
,,,#AAD1E5,1050,1064,1052
,,,#AFD3E6,1052,1064,1054
,,,#B1D4E7,1054,1064,1056
,,,#AFD3E6,1056,1064,1048
,,,#AAD1E5,1058,1065,1059
,,,#A8D0E4,1060,1065,1058
,,,#AAD1E5,1061,1065,1060
,,,#AFD3E6,1062,1065,1061
,,,#B1D4E7,1063,1065,1062
,,,#AFD3E6,1059,1065,1063
